gene	family
Aano_F0Y2P1	ASH1
Aano_F0Y5D0	ASH1
Aano_F0Y9T9	ASH1
Aano_F0YC71	ASH1
Aano_F0YPS7	ASH1
Acas_g5506	ASH1
Acoe_010_00651	ASH1
Acoe_016_00362	ASH1
Acoe_045_00133	ASH1
Adig_10964v107744	ASH1
Aker_28962	ASH1
Aker_79755	ASH1
Amac_02693	ASH1
Amac_06329	ASH1
Amac_11220	ASH1
Apar_comp11096_c0_seq1_fr5	ASH1
Apar_comp15960_c0_seq1_fr5	ASH1
Apar_comp19989_c1_seq1_fr6	ASH1
Apar_comp20410_c1_seq1_fr5	ASH1
Aque_XP_003384664	ASH1
Aque_XP_003387717	ASH1
Atha_AT1G76710	ASH1
Atha_AT1G77300	ASH1
Atha_AT2G44150	ASH1
Atha_AT3G59960	ASH1
Atha_AT4G30860	ASH1
Bden_Batde5_90118	ASH1
Bden_Batde5_91931	ASH1
Bdis_1g20527	ASH1
Bdis_3g36790	ASH1
Bdis_3g45727	ASH1
Bdis_3g48497	ASH1
Bdis_4g27797	ASH1
Bdis_5g10110	ASH1
Bnat_72270	ASH1
Bnat_85862	ASH1
Cang_123522	ASH1
Cang_125716	ASH1
Ccin_CC1G_09124	ASH1
Ccor_47936	ASH1
Ccri_T00005569001	ASH1
Ccri_T00007124001	ASH1
Cele_C43E11_3a	ASH1
Cele_K09F5_5	ASH1
Cele_T12F5_4	ASH1
Cfra_0207T1	ASH1
Cfra_6692T1	ASH1
Cfra_7962T1	ASH1
Cgig_10006344	ASH1
Cgig_10007074	ASH1
Cgig_10013318	ASH1
Cint_ENSCINP00000025831	ASH1
Cint_ENSCINP00000025949	ASH1
Clim_g2911	ASH1
Cmer_CML152C	ASH1
Cmer_CMN313C	ASH1
Cneo_XP_572085	ASH1
Cowc_CAOG_03906	ASH1
Cowc_CAOG_08491	ASH1
Cpar_12738Contig6713	ASH1
Cpar_14930Contig8823	ASH1
Crei_XP_001694743	ASH1
Crev_88476	ASH1
Ctel_160470	ASH1
Ctel_176480	ASH1
Ctel_93578	ASH1
Cvar_EFN54848	ASH1
Cvar_EFN59819	ASH1
Ddis_XP_647576	ASH1
Dmel_FBpp0073610	ASH1
Dmel_FBpp0074738	ASH1
Dmel_FBpp0084636	ASH1
Ehux_425757	ASH1
Esil_CBJ25830	ASH1
Esil_CBN74517	ASH1
Esil_CBN74814	ASH1
Esil_CBN76570	ASH1
Falb_H696_01829T0	ASH1
Falb_H696_01829T1	ASH1
Fgra_FGSG_05558	ASH1
Fgra_FGSG_08916	ASH1
Glam_XP_001707053	ASH1
Gpro_455465	ASH1
Gpro_86511	ASH1
Gthe_61291	ASH1
Gthe_65244	ASH1
Gthe_66832	ASH1
Hmag_XP_002164851	ASH1
Hmag_XP_002169363	ASH1
Hsap_ENSP00000313983	ASH1
Hsap_ENSP00000357330	ASH1
Hsap_ENSP00000372347	ASH1
Hsap_ENSP00000386759	ASH1
Hsap_ENSP00000395929	ASH1
Ihof_10001	ASH1
Ihof_1171	ASH1
Ihof_7061	ASH1
Lgig_143999	ASH1
Lgig_192045	ASH1
Lgig_227153	ASH1
Mbre_XP_001747356	ASH1
Mbre_XP_001747378	ASH1
Mbre_XP_001750922	ASH1
Mcir_Mucci2_34233	ASH1
Mcir_Mucci2_38052	ASH1
Mcir_Mucci2_40608	ASH1
Mgut_mgv1a004719m	ASH1
Mgut_mgv1a005421m	ASH1
Mgut_mgv1a023306m	ASH1
Mgut_mgv1a025945m	ASH1
Mlei_ML033625a	ASH1
Mlei_ML09663a	ASH1
Mpus_Micpu155764	ASH1
Mpus_Micpu164960	ASH1
Mver_01422	ASH1
Mver_03682	ASH1
Mver_08333	ASH1
Mver_11821	ASH1
Mvib_comp10766_c1_seq1_fr4	ASH1
Mvib_comp16013_c3_seq1_fr4	ASH1
Ncra_1713NCU01932	ASH1
Ncra_243NCU00269	ASH1
Ngad_00540	ASH1
Ngad_05385	ASH1
Ngad_06395	ASH1
Ngru_XP_002675415	ASH1
Ngru_XP_002679121	ASH1
Nspp_13100_fr6	ASH1
Nspp_13101_fr6	ASH1
Nspp_14576_fr3	ASH1
Nvec_XP_001635219	ASH1
Nvec_XP_001635826	ASH1
Ocar_g2341_t1	ASH1
Ocar_g3171_t1	ASH1
Otau_XP_003082786	ASH1
Pbla_Phybl2_133104	ASH1
Pbla_Phybl2_136385	ASH1
Pfal_Q8IE95_Q8IE95	ASH1
Pinf_XP_002899256	ASH1
Pinf_XP_002908175	ASH1
Pinf_XP_002909073	ASH1
Pinf_XP_002999193	ASH1
Pinf_XP_002999311	ASH1
Pisp_22950	ASH1
Ppal_EFA81031_1	ASH1
Ppat_XP_001757655	ASH1
Ppat_XP_001765507	ASH1
Ppat_XP_001768386	ASH1
Ppat_XP_001774900	ASH1
Ptet_A0BJ67_A0BJ67	ASH1
Ptet_A0DQ87_A0DQ87	ASH1
Ptet_A0DZ39_A0DZ39	ASH1
Ptri_XP_002177534	ASH1
Ptri_XP_002185333	ASH1
Pyez_41266_g9405	ASH1
Rall_5258	ASH1
Rfil_20985_3cf1	ASH1
Rfil_39362_2c	ASH1
Rfil_529913_11s	ASH1
Rfil_92400_1cf1	ASH1
Rirr_178744	ASH1
Rirr_34964	ASH1
Rory_11014	ASH1
Rory_1193	ASH1
Rory_16719	ASH1
Rory_5504	ASH1
Sagg_16132	ASH1
Sarc_SARC_00855	ASH1
Sarc_SARC_05941	ASH1
Sarc_SARC_06292	ASH1
Sbic_02g020844	ASH1
Sbic_04g022620	ASH1
Sbic_04g025725	ASH1
Sbic_06g016720	ASH1
Scer_SCRT_03509	ASH1
Scil_16325	ASH1
Scil_27866	ASH1
Scil_28186	ASH1
Scil_43878	ASH1
Scil_50427	ASH1
Scil_58119	ASH1
Skow_XP_002731935	ASH1
Skow_XP_002732754	ASH1
Skow_XP_002733567	ASH1
Smoe_XP_002979406	ASH1
Smoe_XP_002982470	ASH1
Smoe_XP_002994293	ASH1
Spom_NP_594980_1	ASH1
Spun_SPPG_06324	ASH1
Spur_XP_003725626	ASH1
Spur_XP_003728661	ASH1
Spur_XP_003728662	ASH1
Spur_XP_783359	ASH1
Spur_XP_784903	ASH1
Spur_XP_785219	ASH1
Sros_PTSG_04178	ASH1
Sros_PTSG_09362	ASH1
Tadh_XP_002110866	ASH1
Tadh_XP_002116791	ASH1
Tgon_XP_002365011	ASH1
Tmel_XP_002836395	ASH1
Tmel_XP_002838740	ASH1
Tpse_XP_002294263	ASH1
Tpse_XP_002296152	ASH1
Tthe_XP_001007909	ASH1
Ttra_AMSG_02056	ASH1
Umar_249280	ASH1
Umar_257554	ASH1
Umay_XP_756547	ASH1
Umay_XP_758647	ASH1
Vcar_XP_002951402	ASH1
Vcar_XP_002954751	ASH1
Aano_F0XVZ8	EHMT
Aano_F0YGG4	EHMT
Acoe_001_00249	EHMT
Acoe_002_00419	EHMT
Acoe_005_00512	EHMT
Acoe_005_00513	EHMT
Acoe_007_00118	EHMT
Acoe_009_00084	EHMT
Acoe_010_00310	EHMT
Acoe_013_00108	EHMT
Acoe_021_00113	EHMT
Acoe_025_00050	EHMT
Acoe_039_00171	EHMT
Acoe_043_00022	EHMT
Acoe_110_00035	EHMT
Acoe_133_00028	EHMT
Aker_62797	EHMT
Amac_03278	EHMT
Apar_comp22500_c2_seq1_fr6	EHMT
Aque_XP_003387124	EHMT
Atha_AT1G17770	EHMT
Atha_AT1G73100	EHMT
Atha_AT2G05900	EHMT
Atha_AT2G22740	EHMT
Atha_AT2G23740	EHMT
Atha_AT2G24740	EHMT
Atha_AT2G33290	EHMT
Atha_AT2G35160	EHMT
Atha_AT4G13460	EHMT
Atha_AT5G04940	EHMT
Atha_AT5G13960	EHMT
Bden_Batde5_6084	EHMT
Bdis_1g29010	EHMT
Bdis_1g53840	EHMT
Bdis_2g13416	EHMT
Bdis_2g26840	EHMT
Bdis_2g59430	EHMT
Bdis_2g60080	EHMT
Bdis_3g12710	EHMT
Bdis_3g35330	EHMT
Bdis_3g52950	EHMT
Bdis_4g25940	EHMT
Bdis_4g28460	EHMT
Bdis_4g28792	EHMT
Bdis_4g43717	EHMT
Bdis_5g17340	EHMT
Bnat_40920	EHMT
Bnat_69038	EHMT
Cang_120509	EHMT
Ccor_44719	EHMT
Cele_F34D6_4	EHMT
Cele_Y43F4B_3	EHMT
Cint_ENSCINP00000003247	EHMT
Cneo_XP_572264	EHMT
Crev_82539	EHMT
Ctel_206547	EHMT
Cvar_EFN54317	EHMT
Cvar_EFN57970	EHMT
Dmel_FBpp0070062	EHMT
Ehux_457456	EHMT
Ehux_62571	EHMT
Ehux_67245	EHMT
Fgra_FGSG_02778	EHMT
Glam_XP_001705541	EHMT
Gthe_137717	EHMT
Hmag_XP_002157170	EHMT
Hmag_XP_002157195	EHMT
Hsap_ENSP00000326477	EHMT
Hsap_ENSP00000373354	EHMT
Hsap_ENSP00000379078	EHMT
Hsap_ENSP00000408583	EHMT
Hsap_ENSP00000417980	EHMT
Ihof_3673	EHMT
Ihof_8075	EHMT
Lgig_116536	EHMT
Mgut_mgv1a000212m	EHMT
Mgut_mgv1a002144m	EHMT
Mgut_mgv1a002504m	EHMT
Mgut_mgv1a002557m	EHMT
Mgut_mgv1a003074m	EHMT
Mgut_mgv1a005143m	EHMT
Mgut_mgv1a006459m	EHMT
Mgut_mgv1a020163m	EHMT
Mgut_mgv1a021585m	EHMT
Mlei_ML06271a	EHMT
Mpus_Micpu54214	EHMT
Mpus_Micpu62078	EHMT
Mpus_Micpu7678	EHMT
Ncra_3927NCU04402	EHMT
Ngru_XP_002672965	EHMT
Nvec_XP_001627377	EHMT
Nvec_XP_001641871	EHMT
Pfal_Q8IBB0_Q8IBB0	EHMT
Pisp_45708	EHMT
Pmar_XP_002785418	EHMT
Ppat_XP_001753516	EHMT
Ppat_XP_001768106	EHMT
Ppat_XP_001774300	EHMT
Ppat_XP_001775340	EHMT
Ppat_XP_001782279	EHMT
Ppat_XP_001785269	EHMT
Ppat_XP_001785416	EHMT
Sbic_02g006620	EHMT
Sbic_02g010210	EHMT
Sbic_02g022936	EHMT
Sbic_03g037660	EHMT
Sbic_03g044580	EHMT
Sbic_04g030350	EHMT
Sbic_04g033260	EHMT
Sbic_06g001340	EHMT
Sbic_06g024160	EHMT
Sbic_07g019850	EHMT
Sbic_07g019860	EHMT
Sbic_07g019863	EHMT
Sbic_07g023560	EHMT
Sbic_08g001570	EHMT
Sbic_09g019060	EHMT
Sbic_09g024010	EHMT
Scil_15884	EHMT
Scil_53898	EHMT
Scil_72863	EHMT
Skow_XP_002731395	EHMT
Skow_XP_002733701	EHMT
Smoe_XP_002963315	EHMT
Smoe_XP_002974605	EHMT
Smoe_XP_002976443	EHMT
Smoe_XP_002979834	EHMT
Smoe_XP_002986381	EHMT
Smoe_XP_002988688	EHMT
Smoe_XP_002994641	EHMT
Spom_NP_595186_1	EHMT
Spur_XP_003728726	EHMT
Spur_XP_782916	EHMT
Spur_XP_785941	EHMT
Tadh_XP_002113092	EHMT
Tvag_XP_001276923	EHMT
Aano_F0XVI4	EZH
Acoe_003_00541	EZH
Acoe_015_00009	EZH
Adig_6676v104625	EZH
Amac_02871	EZH
Apar_comp18592_c0_seq1_fr6	EZH
Aque_XP_003390508	EZH
Atha_AT1G02580	EZH
Atha_AT2G23380	EZH
Atha_AT4G02020	EZH
Bdis_1g48340	EZH
Bdis_1g64460	EZH
Bnat_32408	EZH
Cang_129315	EZH
Ccin_CC1G_09236	EZH
Ccin_CC1G_14984	EZH
Ccri_T00007737001	EZH
Cele_R06A4_7	EZH
Cgig_10023111	EZH
Cint_ENSCINP00000016340	EZH
Cmer_CMQ156C	EZH
Ctel_20226	EZH
Cvar_EFN54582	EZH
Dmel_FBpp0076008	EZH
Ecun_XP_955728	EZH
Ehux_47083	EZH
Gthe_43393	EZH
Gthe_45335	EZH
Hmag_XP_002165490	EZH
Hsap_ENSP00000264646	EZH
Hsap_ENSP00000320147	EZH
Lgig_200654	EZH
Mbre_XP_001742056	EZH
Mgut_mgv1a002769m	EZH
Mlei_ML01861a	EZH
Mpus_Micpu59369	EZH
Ngru_XP_002678629	EZH
Nspp_13586_fr5	EZH
Nvec_XP_001622422	EZH
Ocar_g575_t1	EZH
Otau_XP_003082958	EZH
Pinf_XP_002899518	EZH
Pinf_XP_002900788	EZH
Pinf_XP_002902603	EZH
Pinf_XP_002907066	EZH
Ppat_XP_001768188	EZH
Ptri_XP_002178023	EZH
Rall_1005	EZH
Rfil_3716155_1s1f1	EZH
Rirr_345734	EZH
Sbic_01g037450	EZH
Sbic_10g004560	EZH
Scil_36565	EZH
Smoe_XP_002980071	EZH
Smoe_XP_002987466	EZH
Smoe_XP_002994616	EZH
Spun_SPPG_03589	EZH
Spur_XP_001187524	EZH
Spur_XP_790741	EZH
Sros_PTSG_12482	EZH
Tadh_XP_002110982	EZH
Tmel_XP_002841864	EZH
Tpse_XP_002290191	EZH
Ttra_AMSG_09360	EZH
Vcar_XP_002958368	EZH
Aano_F0YDE7	MLL1_MLL2
Acas_g11544	MLL1_MLL2
Acoe_013_00096	MLL1_MLL2
Acoe_016_00095	MLL1_MLL2
Acoe_017_00002	MLL1_MLL2
Acoe_037_00166	MLL1_MLL2
Acoe_058_00150	MLL1_MLL2
Adig_1072v119182	MLL1_MLL2
Amac_06505	MLL1_MLL2
Amac_13344	MLL1_MLL2
Amac_13595	MLL1_MLL2
Apar_comp16066_c0_seq1_fr6	MLL1_MLL2
Apar_comp20464_c0_seq1_fr6	MLL1_MLL2
Apar_comp23409_c1_seq1_fr4	MLL1_MLL2
Aque_XP_003385238	MLL1_MLL2
Aque_XP_003389474	MLL1_MLL2
Atha_AT1G05830	MLL1_MLL2
Atha_AT2G31650	MLL1_MLL2
Atha_AT3G61740	MLL1_MLL2
Atha_AT4G27910	MLL1_MLL2
Atha_AT5G42400	MLL1_MLL2
Atha_AT5G53430	MLL1_MLL2
Bden_Batde5_35515	MLL1_MLL2
Bdis_2g07082	MLL1_MLL2
Bdis_2g45430	MLL1_MLL2
Bdis_3g13430	MLL1_MLL2
Bdis_4g01790	MLL1_MLL2
Bdis_4g08510	MLL1_MLL2
Bdis_4g37627	MLL1_MLL2
Bnat_37368	MLL1_MLL2
Cang_102567	MLL1_MLL2
Cang_107102	MLL1_MLL2
Ccin_CC1G_15535	MLL1_MLL2
Ccor_82240	MLL1_MLL2
Ccri_T00001983001	MLL1_MLL2
Ccri_T00003237001	MLL1_MLL2
Ccri_T00005548001	MLL1_MLL2
Cele_C26E6_9c	MLL1_MLL2
Cele_T12D8_1	MLL1_MLL2
Cfra_2688T1	MLL1_MLL2
Cfra_6039T1	MLL1_MLL2
Cgig_10008103	MLL1_MLL2
Cgig_10017490	MLL1_MLL2
Cgig_10022561	MLL1_MLL2
Cint_ENSCINP00000003156	MLL1_MLL2
Cint_ENSCINP00000011316	MLL1_MLL2
Cint_ENSCINP00000025384	MLL1_MLL2
Clim_g610	MLL1_MLL2
Cmer_CMD005C	MLL1_MLL2
Cmer_CMG025C	MLL1_MLL2
Cneo_XP_570558	MLL1_MLL2
Cowc_CAOG_01362	MLL1_MLL2
Cowc_CAOG_03580	MLL1_MLL2
Cpar_29058Contig6840	MLL1_MLL2
Crei_XP_001691757	MLL1_MLL2
Crei_XP_001693149	MLL1_MLL2
Crei_XP_001702027	MLL1_MLL2
Crei_XP_001703016	MLL1_MLL2
Crev_25774	MLL1_MLL2
Ctel_150651	MLL1_MLL2
Ctel_153177	MLL1_MLL2
Ctel_179499	MLL1_MLL2
Cvar_EFN53930	MLL1_MLL2
Ddis_XP_636258	MLL1_MLL2
Dmel_FBpp0070347	MLL1_MLL2
Dmel_FBpp0082406	MLL1_MLL2
Dmel_FBpp0112592	MLL1_MLL2
Ehux_206556	MLL1_MLL2
Ehux_311470	MLL1_MLL2
Esil_CBN74374	MLL1_MLL2
Esil_CBN75119	MLL1_MLL2
Fgra_FGSG_07445	MLL1_MLL2
Glam_XP_001707862	MLL1_MLL2
Glam_XP_001708058	MLL1_MLL2
Gpro_96002	MLL1_MLL2
Gthe_66907	MLL1_MLL2
Gthe_75734	MLL1_MLL2
Hmag_XP_002161122	MLL1_MLL2
Hmag_XP_002161520	MLL1_MLL2
Hmag_XP_002169286	MLL1_MLL2
Hsap_ENSP00000222270	MLL1_MLL2
Hsap_ENSP00000262519	MLL1_MLL2
Hsap_ENSP00000267197	MLL1_MLL2
Hsap_ENSP00000301067	MLL1_MLL2
Hsap_ENSP00000347325	MLL1_MLL2
Hsap_ENSP00000436786	MLL1_MLL2
Ihof_1761	MLL1_MLL2
Ihof_383	MLL1_MLL2
Lgig_138486	MLL1_MLL2
Lgig_209271	MLL1_MLL2
Lgig_215812	MLL1_MLL2
Mbre_XP_001747654	MLL1_MLL2
Mbre_XP_001748661	MLL1_MLL2
Mcir_Mucci2_137855	MLL1_MLL2
Mgut_mgv1a000532m	MLL1_MLL2
Mgut_mgv1a000575m	MLL1_MLL2
Mgut_mgv1a023175m	MLL1_MLL2
Mlei_ML015714a	MLL1_MLL2
Mlei_ML056953a	MLL1_MLL2
Mlei_ML41301a	MLL1_MLL2
Mpus_Micpu21435	MLL1_MLL2
Mpus_Micpu57043	MLL1_MLL2
Mver_03320	MLL1_MLL2
Mvib_comp12474_c0_seq1_fr5	MLL1_MLL2
Mvib_comp12897_c0_seq1_fr5	MLL1_MLL2
Mvib_comp3625_c0_seq1_fr6	MLL1_MLL2
Ncra_1100NCU01206	MLL1_MLL2
Ngad_00849_01	MLL1_MLL2
Ngru_XP_002683109	MLL1_MLL2
Nspp_14168_fr5	MLL1_MLL2
Nspp_18097_fr5	MLL1_MLL2
Nspp_552_fr5	MLL1_MLL2
Nvec_XP_001622958	MLL1_MLL2
Nvec_XP_001623359	MLL1_MLL2
Nvec_XP_001629652	MLL1_MLL2
Nvec_XP_001636609	MLL1_MLL2
Ocar_g10414_t1	MLL1_MLL2
Ocar_g9304_t1	MLL1_MLL2
Otau_XP_003078017	MLL1_MLL2
Pbla_Phybl2_20422	MLL1_MLL2
Pbla_Phybl2_34196	MLL1_MLL2
Pfal_C6KTD2_HKNMT	MLL1_MLL2
Pinf_XP_002895674	MLL1_MLL2
Pinf_XP_002905874	MLL1_MLL2
Pisp_26066	MLL1_MLL2
Pmar_XP_002765683	MLL1_MLL2
Pmar_XP_002785717	MLL1_MLL2
Ppal_EFA75361_1	MLL1_MLL2
Ppat_XP_001756249	MLL1_MLL2
Ppat_XP_001758752	MLL1_MLL2
Ppat_XP_001766115	MLL1_MLL2
Ppat_XP_001766471	MLL1_MLL2
Ppat_XP_001767466	MLL1_MLL2
Ppat_XP_001768289	MLL1_MLL2
Ppat_XP_001771062	MLL1_MLL2
Ppat_XP_001777592	MLL1_MLL2
Ppat_XP_001780587	MLL1_MLL2
Ptet_A0D3D7_A0D3D7	MLL1_MLL2
Ptri_XP_002176658	MLL1_MLL2
Ptri_XP_002181282	MLL1_MLL2
Ptri_XP_002184115	MLL1_MLL2
Pyez_28201_g6931	MLL1_MLL2
Pyez_31104_g7601	MLL1_MLL2
Pyez_40134_g9249	MLL1_MLL2
Rall_3554	MLL1_MLL2
Rall_5515	MLL1_MLL2
Rfil_3789713_2s	MLL1_MLL2
Rirr_66612	MLL1_MLL2
Rory_11085	MLL1_MLL2
Rory_5510	MLL1_MLL2
Sagg_21866	MLL1_MLL2
Sarc_SARC_04312	MLL1_MLL2
Sarc_SARC_05279	MLL1_MLL2
Sbic_02g016820	MLL1_MLL2
Sbic_02g032470	MLL1_MLL2
Sbic_03g001640	MLL1_MLL2
Sbic_03g029850	MLL1_MLL2
Sbic_08g002530	MLL1_MLL2
Scer_SCRT_04833	MLL1_MLL2
Scil_30598	MLL1_MLL2
Scil_54447	MLL1_MLL2
Scil_6054	MLL1_MLL2
Skow_XP_002736118	MLL1_MLL2
Skow_XP_002740398	MLL1_MLL2
Smoe_XP_002961390	MLL1_MLL2
Smoe_XP_002962407	MLL1_MLL2
Smoe_XP_002963921	MLL1_MLL2
Smoe_XP_002964071	MLL1_MLL2
Smoe_XP_002965618	MLL1_MLL2
Smoe_XP_002974368	MLL1_MLL2
Smoe_XP_002975241	MLL1_MLL2
Smoe_XP_002975450	MLL1_MLL2
Smoe_XP_002980880	MLL1_MLL2
Smoe_XP_002982095	MLL1_MLL2
Smoe_XP_002992195	MLL1_MLL2
Spom_NP_587812_1	MLL1_MLL2
Spun_SPPG_04443	MLL1_MLL2
Spur_XP_003724175	MLL1_MLL2
Spur_XP_003724176	MLL1_MLL2
Spur_XP_003727587	MLL1_MLL2
Spur_XP_795757	MLL1_MLL2
Sros_PTSG_07559	MLL1_MLL2
Sros_PTSG_11893	MLL1_MLL2
Sros_PTSG_12693	MLL1_MLL2
Tadh_XP_002112190	MLL1_MLL2
Tadh_XP_002117297	MLL1_MLL2
Tadh_XP_002117983	MLL1_MLL2
Tgon_XP_002366334	MLL1_MLL2
Tgon_XP_002371500	MLL1_MLL2
Tmel_XP_002840838	MLL1_MLL2
Tpse_XP_002291362	MLL1_MLL2
Tpse_XP_002296329	MLL1_MLL2
Tthe_XP_001029767	MLL1_MLL2
Ttra_AMSG_03613	MLL1_MLL2
Ttra_AMSG_09203	MLL1_MLL2
Tvag_XP_001312747	MLL1_MLL2
Tvag_XP_001314927	MLL1_MLL2
Tvag_XP_001322206	MLL1_MLL2
Tvag_XP_001581581	MLL1_MLL2
Tvag_XP_001584257	MLL1_MLL2
Umar_174815	MLL1_MLL2
Umay_XP_758824	MLL1_MLL2
Vcar_XP_002947900	MLL1_MLL2
Vcar_XP_002949759	MLL1_MLL2
Vcar_XP_002954958	MLL1_MLL2
Vcar_XP_002956071	MLL1_MLL2
Aano_F0Y2P1	NSD3
Aano_F0Y5D0	NSD3
Aano_F0Y9T9	NSD3
Aano_F0YC71	NSD3
Aano_F0YPS7	NSD3
Acas_g5506	NSD3
Acoe_010_00651	NSD3
Acoe_016_00362	NSD3
Acoe_045_00133	NSD3
Adig_10964v107744	NSD3
Aker_28962	NSD3
Aker_79755	NSD3
Amac_02693	NSD3
Amac_06329	NSD3
Amac_11220	NSD3
Apar_comp11096_c0_seq1_fr5	NSD3
Apar_comp15960_c0_seq1_fr5	NSD3
Apar_comp19989_c1_seq1_fr6	NSD3
Apar_comp20410_c1_seq1_fr5	NSD3
Aque_XP_003384664	NSD3
Aque_XP_003387717	NSD3
Atha_AT1G76710	NSD3
Atha_AT1G77300	NSD3
Atha_AT2G44150	NSD3
Atha_AT3G59960	NSD3
Atha_AT4G30860	NSD3
Bden_Batde5_90118	NSD3
Bden_Batde5_91931	NSD3
Bdis_1g20527	NSD3
Bdis_3g36790	NSD3
Bdis_3g45727	NSD3
Bdis_3g48497	NSD3
Bdis_4g27797	NSD3
Bdis_5g10110	NSD3
Bnat_72270	NSD3
Bnat_85862	NSD3
Cang_123522	NSD3
Cang_125716	NSD3
Ccin_CC1G_09124	NSD3
Ccor_47936	NSD3
Ccri_T00005569001	NSD3
Ccri_T00007124001	NSD3
Cele_C43E11_3a	NSD3
Cele_K09F5_5	NSD3
Cele_T12F5_4	NSD3
Cfra_0207T1	NSD3
Cfra_6692T1	NSD3
Cfra_7962T1	NSD3
Cgig_10006344	NSD3
Cgig_10007074	NSD3
Cgig_10013318	NSD3
Cint_ENSCINP00000025831	NSD3
Cint_ENSCINP00000025949	NSD3
Clim_g2911	NSD3
Cmer_CML152C	NSD3
Cmer_CMN313C	NSD3
Cneo_XP_572085	NSD3
Cowc_CAOG_03906	NSD3
Cowc_CAOG_08491	NSD3
Cpar_12738Contig6713	NSD3
Cpar_14930Contig8823	NSD3
Crei_XP_001694743	NSD3
Crev_88476	NSD3
Ctel_160470	NSD3
Ctel_176480	NSD3
Ctel_93578	NSD3
Cvar_EFN54848	NSD3
Cvar_EFN59819	NSD3
Ddis_XP_647576	NSD3
Dmel_FBpp0073610	NSD3
Dmel_FBpp0074738	NSD3
Dmel_FBpp0084636	NSD3
Ehux_425757	NSD3
Esil_CBJ25830	NSD3
Esil_CBN74517	NSD3
Esil_CBN74814	NSD3
Esil_CBN76570	NSD3
Falb_H696_01829T0	NSD3
Falb_H696_01829T1	NSD3
Fgra_FGSG_05558	NSD3
Fgra_FGSG_08916	NSD3
Glam_XP_001707053	NSD3
Gpro_455465	NSD3
Gpro_86511	NSD3
Gthe_61291	NSD3
Gthe_65244	NSD3
Gthe_66832	NSD3
Hmag_XP_002164851	NSD3
Hmag_XP_002169363	NSD3
Hsap_ENSP00000313983	NSD3
Hsap_ENSP00000357330	NSD3
Hsap_ENSP00000372347	NSD3
Hsap_ENSP00000386759	NSD3
Hsap_ENSP00000395929	NSD3
Ihof_10001	NSD3
Ihof_1171	NSD3
Ihof_7061	NSD3
Lgig_143999	NSD3
Lgig_192045	NSD3
Lgig_227153	NSD3
Mbre_XP_001747356	NSD3
Mbre_XP_001747378	NSD3
Mbre_XP_001750922	NSD3
Mcir_Mucci2_34233	NSD3
Mcir_Mucci2_38052	NSD3
Mcir_Mucci2_40608	NSD3
Mgut_mgv1a004719m	NSD3
Mgut_mgv1a005421m	NSD3
Mgut_mgv1a023306m	NSD3
Mgut_mgv1a025945m	NSD3
Mlei_ML033625a	NSD3
Mlei_ML09663a	NSD3
Mpus_Micpu155764	NSD3
Mpus_Micpu164960	NSD3
Mver_01422	NSD3
Mver_03682	NSD3
Mver_08333	NSD3
Mver_11821	NSD3
Mvib_comp10766_c1_seq1_fr4	NSD3
Mvib_comp16013_c3_seq1_fr4	NSD3
Ncra_1713NCU01932	NSD3
Ncra_243NCU00269	NSD3
Ngad_00540	NSD3
Ngad_05385	NSD3
Ngad_06395	NSD3
Ngru_XP_002675415	NSD3
Ngru_XP_002679121	NSD3
Nspp_13100_fr6	NSD3
Nspp_13101_fr6	NSD3
Nspp_14576_fr3	NSD3
Nvec_XP_001635219	NSD3
Nvec_XP_001635826	NSD3
Ocar_g2341_t1	NSD3
Ocar_g3171_t1	NSD3
Otau_XP_003082786	NSD3
Pbla_Phybl2_133104	NSD3
Pbla_Phybl2_136385	NSD3
Pfal_Q8IE95_Q8IE95	NSD3
Pinf_XP_002899256	NSD3
Pinf_XP_002908175	NSD3
Pinf_XP_002909073	NSD3
Pinf_XP_002999193	NSD3
Pinf_XP_002999311	NSD3
Pisp_22950	NSD3
Ppal_EFA81031_1	NSD3
Ppat_XP_001757655	NSD3
Ppat_XP_001765507	NSD3
Ppat_XP_001768386	NSD3
Ppat_XP_001774900	NSD3
Ptet_A0BJ67_A0BJ67	NSD3
Ptet_A0DQ87_A0DQ87	NSD3
Ptet_A0DZ39_A0DZ39	NSD3
Ptri_XP_002177534	NSD3
Ptri_XP_002185333	NSD3
Pyez_41266_g9405	NSD3
Rall_5258	NSD3
Rfil_20985_3cf1	NSD3
Rfil_39362_2c	NSD3
Rfil_529913_11s	NSD3
Rfil_92400_1cf1	NSD3
Rirr_178744	NSD3
Rirr_34964	NSD3
Rory_11014	NSD3
Rory_1193	NSD3
Rory_16719	NSD3
Rory_5504	NSD3
Sagg_16132	NSD3
Sarc_SARC_00855	NSD3
Sarc_SARC_05941	NSD3
Sarc_SARC_06292	NSD3
Sbic_02g020844	NSD3
Sbic_04g022620	NSD3
Sbic_04g025725	NSD3
Sbic_06g016720	NSD3
Scer_SCRT_03509	NSD3
Scil_16325	NSD3
Scil_27866	NSD3
Scil_28186	NSD3
Scil_43878	NSD3
Scil_50427	NSD3
Scil_58119	NSD3
Skow_XP_002731935	NSD3
Skow_XP_002732754	NSD3
Skow_XP_002733567	NSD3
Smoe_XP_002979406	NSD3
Smoe_XP_002982470	NSD3
Smoe_XP_002994293	NSD3
Spom_NP_594980_1	NSD3
Spun_SPPG_06324	NSD3
Spur_XP_003725626	NSD3
Spur_XP_003728661	NSD3
Spur_XP_003728662	NSD3
Spur_XP_783359	NSD3
Spur_XP_784903	NSD3
Spur_XP_785219	NSD3
Sros_PTSG_04178	NSD3
Sros_PTSG_09362	NSD3
Tadh_XP_002110866	NSD3
Tadh_XP_002116791	NSD3
Tgon_XP_002365011	NSD3
Tmel_XP_002836395	NSD3
Tmel_XP_002838740	NSD3
Tpse_XP_002294263	NSD3
Tpse_XP_002296152	NSD3
Tthe_XP_001007909	NSD3
Ttra_AMSG_02056	NSD3
Umar_249280	NSD3
Umar_257554	NSD3
Umay_XP_756547	NSD3
Umay_XP_758647	NSD3
Vcar_XP_002951402	NSD3
Vcar_XP_002954751	NSD3
Adig_17466v101523	PRD2
Adig_17948v114072	PRD2
Adig_2065v103432	PRD2
Adig_2066v103428	PRD2
Adig_2067v103430	PRD2
Adig_2069v103431	PRD2
Adig_2070v103434	PRD2
Adig_23202v118285	PRD2
Adig_2550v120377	PRD2
Adig_3112v120858	PRD2
Adig_5324v122563	PRD2
Aque_XP_003387259	PRD2
Aque_XP_003387382	PRD2
Cgig_10001616	PRD2
Cgig_10013102	PRD2
Cgig_10016009	PRD2
Cgig_10027610	PRD2
Cint_ENSCINP00000000048	PRD2
Ctel_103287	PRD2
Ctel_202965	PRD2
Ctel_75757	PRD2
Hmag_XP_002154805	PRD2
Hsap_ENSP00000235372	PRD2
Hsap_ENSP00000276594	PRD2
Hsap_ENSP00000358092	PRD2
Hsap_ENSP00000384725	PRD2
Lgig_114994	PRD2
Lgig_153726	PRD2
Lgig_156439	PRD2
Lgig_169169	PRD2
Mlei_ML124240a	PRD2
Nvec_XP_001628558	PRD2
Nvec_XP_001630482	PRD2
Nvec_XP_001630839	PRD2
Nvec_XP_001630857	PRD2
Nvec_XP_001634375	PRD2
Nvec_XP_001638198	PRD2
Nvec_XP_001640186	PRD2
Nvec_XP_001641018	PRD2
Ocar_g8397_t1	PRD2
Scil_48982	PRD2
Scil_67503	PRD2
Scil_67802	PRD2
Scil_70624	PRD2
Scil_70867	PRD2
Scil_89977	PRD2
Scil_90070	PRD2
Scil_95376	PRD2
Skow_NP_001161634	PRD2
Skow_XP_002737396	PRD2
Skow_XP_002739286	PRD2
Spur_XP_001200656	PRD2
Spur_XP_003724787	PRD2
Spur_XP_790201	PRD2
Spur_XP_792487	PRD2
Spur_XP_799022	PRD2
Tadh_XP_002109980	PRD2
Aano_F0YDE7	SETD1A
Acas_g11544	SETD1A
Acoe_013_00096	SETD1A
Acoe_016_00095	SETD1A
Acoe_017_00002	SETD1A
Acoe_037_00166	SETD1A
Acoe_058_00150	SETD1A
Adig_1072v119182	SETD1A
Amac_06505	SETD1A
Amac_13344	SETD1A
Amac_13595	SETD1A
Apar_comp16066_c0_seq1_fr6	SETD1A
Apar_comp20464_c0_seq1_fr6	SETD1A
Apar_comp23409_c1_seq1_fr4	SETD1A
Aque_XP_003385238	SETD1A
Aque_XP_003389474	SETD1A
Atha_AT1G05830	SETD1A
Atha_AT2G31650	SETD1A
Atha_AT3G61740	SETD1A
Atha_AT4G27910	SETD1A
Atha_AT5G42400	SETD1A
Atha_AT5G53430	SETD1A
Bden_Batde5_35515	SETD1A
Bdis_2g07082	SETD1A
Bdis_2g45430	SETD1A
Bdis_3g13430	SETD1A
Bdis_4g01790	SETD1A
Bdis_4g08510	SETD1A
Bdis_4g37627	SETD1A
Bnat_37368	SETD1A
Cang_102567	SETD1A
Cang_107102	SETD1A
Ccin_CC1G_15535	SETD1A
Ccor_82240	SETD1A
Ccri_T00001983001	SETD1A
Ccri_T00003237001	SETD1A
Ccri_T00005548001	SETD1A
Cele_C26E6_9c	SETD1A
Cele_T12D8_1	SETD1A
Cfra_2688T1	SETD1A
Cfra_6039T1	SETD1A
Cgig_10008103	SETD1A
Cgig_10017490	SETD1A
Cgig_10022561	SETD1A
Cint_ENSCINP00000003156	SETD1A
Cint_ENSCINP00000011316	SETD1A
Cint_ENSCINP00000025384	SETD1A
Clim_g610	SETD1A
Cmer_CMD005C	SETD1A
Cmer_CMG025C	SETD1A
Cneo_XP_570558	SETD1A
Cowc_CAOG_01362	SETD1A
Cowc_CAOG_03580	SETD1A
Cpar_29058Contig6840	SETD1A
Crei_XP_001691757	SETD1A
Crei_XP_001693149	SETD1A
Crei_XP_001702027	SETD1A
Crei_XP_001703016	SETD1A
Crev_25774	SETD1A
Ctel_150651	SETD1A
Ctel_153177	SETD1A
Ctel_179499	SETD1A
Cvar_EFN53930	SETD1A
Ddis_XP_636258	SETD1A
Dmel_FBpp0070347	SETD1A
Dmel_FBpp0082406	SETD1A
Dmel_FBpp0112592	SETD1A
Ehux_206556	SETD1A
Ehux_311470	SETD1A
Esil_CBN74374	SETD1A
Esil_CBN75119	SETD1A
Fgra_FGSG_07445	SETD1A
Glam_XP_001707862	SETD1A
Glam_XP_001708058	SETD1A
Gpro_96002	SETD1A
Gthe_66907	SETD1A
Gthe_75734	SETD1A
Hmag_XP_002161122	SETD1A
Hmag_XP_002161520	SETD1A
Hmag_XP_002169286	SETD1A
Hsap_ENSP00000222270	SETD1A
Hsap_ENSP00000262519	SETD1A
Hsap_ENSP00000267197	SETD1A
Hsap_ENSP00000301067	SETD1A
Hsap_ENSP00000347325	SETD1A
Hsap_ENSP00000436786	SETD1A
Ihof_1761	SETD1A
Ihof_383	SETD1A
Lgig_138486	SETD1A
Lgig_209271	SETD1A
Lgig_215812	SETD1A
Mbre_XP_001747654	SETD1A
Mbre_XP_001748661	SETD1A
Mcir_Mucci2_137855	SETD1A
Mgut_mgv1a000532m	SETD1A
Mgut_mgv1a000575m	SETD1A
Mgut_mgv1a023175m	SETD1A
Mlei_ML015714a	SETD1A
Mlei_ML056953a	SETD1A
Mlei_ML41301a	SETD1A
Mpus_Micpu21435	SETD1A
Mpus_Micpu57043	SETD1A
Mver_03320	SETD1A
Mvib_comp12474_c0_seq1_fr5	SETD1A
Mvib_comp12897_c0_seq1_fr5	SETD1A
Mvib_comp3625_c0_seq1_fr6	SETD1A
Ncra_1100NCU01206	SETD1A
Ngad_00849_01	SETD1A
Ngru_XP_002683109	SETD1A
Nspp_14168_fr5	SETD1A
Nspp_18097_fr5	SETD1A
Nspp_552_fr5	SETD1A
Nvec_XP_001622958	SETD1A
Nvec_XP_001623359	SETD1A
Nvec_XP_001629652	SETD1A
Nvec_XP_001636609	SETD1A
Ocar_g10414_t1	SETD1A
Ocar_g9304_t1	SETD1A
Otau_XP_003078017	SETD1A
Pbla_Phybl2_20422	SETD1A
Pbla_Phybl2_34196	SETD1A
Pfal_C6KTD2_HKNMT	SETD1A
Pinf_XP_002895674	SETD1A
Pinf_XP_002905874	SETD1A
Pisp_26066	SETD1A
Pmar_XP_002765683	SETD1A
Pmar_XP_002785717	SETD1A
Ppal_EFA75361_1	SETD1A
Ppat_XP_001756249	SETD1A
Ppat_XP_001758752	SETD1A
Ppat_XP_001766115	SETD1A
Ppat_XP_001766471	SETD1A
Ppat_XP_001767466	SETD1A
Ppat_XP_001768289	SETD1A
Ppat_XP_001771062	SETD1A
Ppat_XP_001777592	SETD1A
Ppat_XP_001780587	SETD1A
Ptet_A0D3D7_A0D3D7	SETD1A
Ptri_XP_002176658	SETD1A
Ptri_XP_002181282	SETD1A
Ptri_XP_002184115	SETD1A
Pyez_28201_g6931	SETD1A
Pyez_31104_g7601	SETD1A
Pyez_40134_g9249	SETD1A
Rall_3554	SETD1A
Rall_5515	SETD1A
Rfil_3789713_2s	SETD1A
Rirr_66612	SETD1A
Rory_11085	SETD1A
Rory_5510	SETD1A
Sagg_21866	SETD1A
Sarc_SARC_04312	SETD1A
Sarc_SARC_05279	SETD1A
Sbic_02g016820	SETD1A
Sbic_02g032470	SETD1A
Sbic_03g001640	SETD1A
Sbic_03g029850	SETD1A
Sbic_08g002530	SETD1A
Scer_SCRT_04833	SETD1A
Scil_30598	SETD1A
Scil_54447	SETD1A
Scil_6054	SETD1A
Skow_XP_002736118	SETD1A
Skow_XP_002740398	SETD1A
Smoe_XP_002961390	SETD1A
Smoe_XP_002962407	SETD1A
Smoe_XP_002963921	SETD1A
Smoe_XP_002964071	SETD1A
Smoe_XP_002965618	SETD1A
Smoe_XP_002974368	SETD1A
Smoe_XP_002975241	SETD1A
Smoe_XP_002975450	SETD1A
Smoe_XP_002980880	SETD1A
Smoe_XP_002982095	SETD1A
Smoe_XP_002992195	SETD1A
Spom_NP_587812_1	SETD1A
Spun_SPPG_04443	SETD1A
Spur_XP_003724175	SETD1A
Spur_XP_003724176	SETD1A
Spur_XP_003727587	SETD1A
Spur_XP_795757	SETD1A
Sros_PTSG_07559	SETD1A
Sros_PTSG_11893	SETD1A
Sros_PTSG_12693	SETD1A
Tadh_XP_002112190	SETD1A
Tadh_XP_002117297	SETD1A
Tadh_XP_002117983	SETD1A
Tgon_XP_002366334	SETD1A
Tgon_XP_002371500	SETD1A
Tmel_XP_002840838	SETD1A
Tpse_XP_002291362	SETD1A
Tpse_XP_002296329	SETD1A
Tthe_XP_001029767	SETD1A
Ttra_AMSG_03613	SETD1A
Ttra_AMSG_09203	SETD1A
Tvag_XP_001312747	SETD1A
Tvag_XP_001314927	SETD1A
Tvag_XP_001322206	SETD1A
Tvag_XP_001581581	SETD1A
Tvag_XP_001584257	SETD1A
Umar_174815	SETD1A
Umay_XP_758824	SETD1A
Vcar_XP_002947900	SETD1A
Vcar_XP_002949759	SETD1A
Vcar_XP_002954958	SETD1A
Vcar_XP_002956071	SETD1A
Aano_F0XVZ8	SETD1B
Aano_F0YGG4	SETD1B
Acoe_001_00249	SETD1B
Acoe_002_00419	SETD1B
Acoe_005_00512	SETD1B
Acoe_005_00513	SETD1B
Acoe_007_00118	SETD1B
Acoe_009_00084	SETD1B
Acoe_010_00310	SETD1B
Acoe_013_00108	SETD1B
Acoe_021_00113	SETD1B
Acoe_025_00050	SETD1B
Acoe_039_00171	SETD1B
Acoe_043_00022	SETD1B
Acoe_110_00035	SETD1B
Acoe_133_00028	SETD1B
Aker_62797	SETD1B
Amac_03278	SETD1B
Apar_comp22500_c2_seq1_fr6	SETD1B
Aque_XP_003387124	SETD1B
Atha_AT1G17770	SETD1B
Atha_AT1G73100	SETD1B
Atha_AT2G05900	SETD1B
Atha_AT2G22740	SETD1B
Atha_AT2G23740	SETD1B
Atha_AT2G24740	SETD1B
Atha_AT2G33290	SETD1B
Atha_AT2G35160	SETD1B
Atha_AT4G13460	SETD1B
Atha_AT5G04940	SETD1B
Atha_AT5G13960	SETD1B
Bden_Batde5_6084	SETD1B
Bdis_1g29010	SETD1B
Bdis_1g53840	SETD1B
Bdis_2g13416	SETD1B
Bdis_2g26840	SETD1B
Bdis_2g59430	SETD1B
Bdis_2g60080	SETD1B
Bdis_3g12710	SETD1B
Bdis_3g35330	SETD1B
Bdis_3g52950	SETD1B
Bdis_4g25940	SETD1B
Bdis_4g28460	SETD1B
Bdis_4g28792	SETD1B
Bdis_4g43717	SETD1B
Bdis_5g17340	SETD1B
Bnat_40920	SETD1B
Bnat_69038	SETD1B
Cang_120509	SETD1B
Ccor_44719	SETD1B
Cele_F34D6_4	SETD1B
Cele_Y43F4B_3	SETD1B
Cint_ENSCINP00000003247	SETD1B
Cneo_XP_572264	SETD1B
Crev_82539	SETD1B
Ctel_206547	SETD1B
Cvar_EFN54317	SETD1B
Cvar_EFN57970	SETD1B
Dmel_FBpp0070062	SETD1B
Ehux_457456	SETD1B
Ehux_62571	SETD1B
Ehux_67245	SETD1B
Fgra_FGSG_02778	SETD1B
Glam_XP_001705541	SETD1B
Gthe_137717	SETD1B
Hmag_XP_002157170	SETD1B
Hmag_XP_002157195	SETD1B
Hsap_ENSP00000326477	SETD1B
Hsap_ENSP00000373354	SETD1B
Hsap_ENSP00000379078	SETD1B
Hsap_ENSP00000408583	SETD1B
Hsap_ENSP00000417980	SETD1B
Ihof_3673	SETD1B
Ihof_8075	SETD1B
Lgig_116536	SETD1B
Mgut_mgv1a000212m	SETD1B
Mgut_mgv1a002144m	SETD1B
Mgut_mgv1a002504m	SETD1B
Mgut_mgv1a002557m	SETD1B
Mgut_mgv1a003074m	SETD1B
Mgut_mgv1a005143m	SETD1B
Mgut_mgv1a006459m	SETD1B
Mgut_mgv1a020163m	SETD1B
Mgut_mgv1a021585m	SETD1B
Mlei_ML06271a	SETD1B
Mpus_Micpu54214	SETD1B
Mpus_Micpu62078	SETD1B
Mpus_Micpu7678	SETD1B
Ncra_3927NCU04402	SETD1B
Ngru_XP_002672965	SETD1B
Nvec_XP_001627377	SETD1B
Nvec_XP_001641871	SETD1B
Pfal_Q8IBB0_Q8IBB0	SETD1B
Pisp_45708	SETD1B
Pmar_XP_002785418	SETD1B
Ppat_XP_001753516	SETD1B
Ppat_XP_001768106	SETD1B
Ppat_XP_001774300	SETD1B
Ppat_XP_001775340	SETD1B
Ppat_XP_001782279	SETD1B
Ppat_XP_001785269	SETD1B
Ppat_XP_001785416	SETD1B
Sbic_02g006620	SETD1B
Sbic_02g010210	SETD1B
Sbic_02g022936	SETD1B
Sbic_03g037660	SETD1B
Sbic_03g044580	SETD1B
Sbic_04g030350	SETD1B
Sbic_04g033260	SETD1B
Sbic_06g001340	SETD1B
Sbic_06g024160	SETD1B
Sbic_07g019850	SETD1B
Sbic_07g019860	SETD1B
Sbic_07g019863	SETD1B
Sbic_07g023560	SETD1B
Sbic_08g001570	SETD1B
Sbic_09g019060	SETD1B
Sbic_09g024010	SETD1B
Scil_15884	SETD1B
Scil_53898	SETD1B
Scil_72863	SETD1B
Skow_XP_002731395	SETD1B
Skow_XP_002733701	SETD1B
Smoe_XP_002963315	SETD1B
Smoe_XP_002974605	SETD1B
Smoe_XP_002976443	SETD1B
Smoe_XP_002979834	SETD1B
Smoe_XP_002986381	SETD1B
Smoe_XP_002988688	SETD1B
Smoe_XP_002994641	SETD1B
Spom_NP_595186_1	SETD1B
Spur_XP_003728726	SETD1B
Spur_XP_782916	SETD1B
Spur_XP_785941	SETD1B
Tadh_XP_002113092	SETD1B
Tvag_XP_001276923	SETD1B
Aano_F0Y2P1	SETD2
Aano_F0Y5D0	SETD2
Aano_F0Y9T9	SETD2
Aano_F0YC71	SETD2
Aano_F0YPS7	SETD2
Acas_g5506	SETD2
Acoe_010_00651	SETD2
Acoe_016_00362	SETD2
Acoe_045_00133	SETD2
Adig_10964v107744	SETD2
Aker_28962	SETD2
Aker_79755	SETD2
Amac_02693	SETD2
Amac_06329	SETD2
Amac_11220	SETD2
Apar_comp11096_c0_seq1_fr5	SETD2
Apar_comp15960_c0_seq1_fr5	SETD2
Apar_comp19989_c1_seq1_fr6	SETD2
Apar_comp20410_c1_seq1_fr5	SETD2
Aque_XP_003384664	SETD2
Aque_XP_003387717	SETD2
Atha_AT1G76710	SETD2
Atha_AT1G77300	SETD2
Atha_AT2G44150	SETD2
Atha_AT3G59960	SETD2
Atha_AT4G30860	SETD2
Bden_Batde5_90118	SETD2
Bden_Batde5_91931	SETD2
Bdis_1g20527	SETD2
Bdis_3g36790	SETD2
Bdis_3g45727	SETD2
Bdis_3g48497	SETD2
Bdis_4g27797	SETD2
Bdis_5g10110	SETD2
Bnat_72270	SETD2
Bnat_85862	SETD2
Cang_123522	SETD2
Cang_125716	SETD2
Ccin_CC1G_09124	SETD2
Ccor_47936	SETD2
Ccri_T00005569001	SETD2
Ccri_T00007124001	SETD2
Cele_C43E11_3a	SETD2
Cele_K09F5_5	SETD2
Cele_T12F5_4	SETD2
Cfra_0207T1	SETD2
Cfra_6692T1	SETD2
Cfra_7962T1	SETD2
Cgig_10006344	SETD2
Cgig_10007074	SETD2
Cgig_10013318	SETD2
Cint_ENSCINP00000025831	SETD2
Cint_ENSCINP00000025949	SETD2
Clim_g2911	SETD2
Cmer_CML152C	SETD2
Cmer_CMN313C	SETD2
Cneo_XP_572085	SETD2
Cowc_CAOG_03906	SETD2
Cowc_CAOG_08491	SETD2
Cpar_12738Contig6713	SETD2
Cpar_14930Contig8823	SETD2
Crei_XP_001694743	SETD2
Crev_88476	SETD2
Ctel_160470	SETD2
Ctel_176480	SETD2
Ctel_93578	SETD2
Cvar_EFN54848	SETD2
Cvar_EFN59819	SETD2
Ddis_XP_647576	SETD2
Dmel_FBpp0073610	SETD2
Dmel_FBpp0074738	SETD2
Dmel_FBpp0084636	SETD2
Ehux_425757	SETD2
Esil_CBJ25830	SETD2
Esil_CBN74517	SETD2
Esil_CBN74814	SETD2
Esil_CBN76570	SETD2
Falb_H696_01829T0	SETD2
Falb_H696_01829T1	SETD2
Fgra_FGSG_05558	SETD2
Fgra_FGSG_08916	SETD2
Glam_XP_001707053	SETD2
Gpro_455465	SETD2
Gpro_86511	SETD2
Gthe_61291	SETD2
Gthe_65244	SETD2
Gthe_66832	SETD2
Hmag_XP_002164851	SETD2
Hmag_XP_002169363	SETD2
Hsap_ENSP00000313983	SETD2
Hsap_ENSP00000357330	SETD2
Hsap_ENSP00000372347	SETD2
Hsap_ENSP00000386759	SETD2
Hsap_ENSP00000395929	SETD2
Ihof_10001	SETD2
Ihof_1171	SETD2
Ihof_7061	SETD2
Lgig_143999	SETD2
Lgig_192045	SETD2
Lgig_227153	SETD2
Mbre_XP_001747356	SETD2
Mbre_XP_001747378	SETD2
Mbre_XP_001750922	SETD2
Mcir_Mucci2_34233	SETD2
Mcir_Mucci2_38052	SETD2
Mcir_Mucci2_40608	SETD2
Mgut_mgv1a004719m	SETD2
Mgut_mgv1a005421m	SETD2
Mgut_mgv1a023306m	SETD2
Mgut_mgv1a025945m	SETD2
Mlei_ML033625a	SETD2
Mlei_ML09663a	SETD2
Mpus_Micpu155764	SETD2
Mpus_Micpu164960	SETD2
Mver_01422	SETD2
Mver_03682	SETD2
Mver_08333	SETD2
Mver_11821	SETD2
Mvib_comp10766_c1_seq1_fr4	SETD2
Mvib_comp16013_c3_seq1_fr4	SETD2
Ncra_1713NCU01932	SETD2
Ncra_243NCU00269	SETD2
Ngad_00540	SETD2
Ngad_05385	SETD2
Ngad_06395	SETD2
Ngru_XP_002675415	SETD2
Ngru_XP_002679121	SETD2
Nspp_13100_fr6	SETD2
Nspp_13101_fr6	SETD2
Nspp_14576_fr3	SETD2
Nvec_XP_001635219	SETD2
Nvec_XP_001635826	SETD2
Ocar_g2341_t1	SETD2
Ocar_g3171_t1	SETD2
Otau_XP_003082786	SETD2
Pbla_Phybl2_133104	SETD2
Pbla_Phybl2_136385	SETD2
Pfal_Q8IE95_Q8IE95	SETD2
Pinf_XP_002899256	SETD2
Pinf_XP_002908175	SETD2
Pinf_XP_002909073	SETD2
Pinf_XP_002999193	SETD2
Pinf_XP_002999311	SETD2
Pisp_22950	SETD2
Ppal_EFA81031_1	SETD2
Ppat_XP_001757655	SETD2
Ppat_XP_001765507	SETD2
Ppat_XP_001768386	SETD2
Ppat_XP_001774900	SETD2
Ptet_A0BJ67_A0BJ67	SETD2
Ptet_A0DQ87_A0DQ87	SETD2
Ptet_A0DZ39_A0DZ39	SETD2
Ptri_XP_002177534	SETD2
Ptri_XP_002185333	SETD2
Pyez_41266_g9405	SETD2
Rall_5258	SETD2
Rfil_20985_3cf1	SETD2
Rfil_39362_2c	SETD2
Rfil_529913_11s	SETD2
Rfil_92400_1cf1	SETD2
Rirr_178744	SETD2
Rirr_34964	SETD2
Rory_11014	SETD2
Rory_1193	SETD2
Rory_16719	SETD2
Rory_5504	SETD2
Sagg_16132	SETD2
Sarc_SARC_00855	SETD2
Sarc_SARC_05941	SETD2
Sarc_SARC_06292	SETD2
Sbic_02g020844	SETD2
Sbic_04g022620	SETD2
Sbic_04g025725	SETD2
Sbic_06g016720	SETD2
Scer_SCRT_03509	SETD2
Scil_16325	SETD2
Scil_27866	SETD2
Scil_28186	SETD2
Scil_43878	SETD2
Scil_50427	SETD2
Scil_58119	SETD2
Skow_XP_002731935	SETD2
Skow_XP_002732754	SETD2
Skow_XP_002733567	SETD2
Smoe_XP_002979406	SETD2
Smoe_XP_002982470	SETD2
Smoe_XP_002994293	SETD2
Spom_NP_594980_1	SETD2
Spun_SPPG_06324	SETD2
Spur_XP_003725626	SETD2
Spur_XP_003728661	SETD2
Spur_XP_003728662	SETD2
Spur_XP_783359	SETD2
Spur_XP_784903	SETD2
Spur_XP_785219	SETD2
Sros_PTSG_04178	SETD2
Sros_PTSG_09362	SETD2
Tadh_XP_002110866	SETD2
Tadh_XP_002116791	SETD2
Tgon_XP_002365011	SETD2
Tmel_XP_002836395	SETD2
Tmel_XP_002838740	SETD2
Tpse_XP_002294263	SETD2
Tpse_XP_002296152	SETD2
Tthe_XP_001007909	SETD2
Ttra_AMSG_02056	SETD2
Umar_249280	SETD2
Umar_257554	SETD2
Umay_XP_756547	SETD2
Umay_XP_758647	SETD2
Vcar_XP_002951402	SETD2
Vcar_XP_002954751	SETD2
Acas_g754	SETD3
Apar_comp23864_c1_seq1_fr6	SETD3
Bden_Batde5_86177	SETD3
Bnat_89596	SETD3
Cele_Y71H2AM_8	SETD3
Cfra_1641T1	SETD3
Cint_ENSCINP00000009807	SETD3
Cowc_CAOG_00643	SETD3
Cowc_CAOG_03170	SETD3
Cpar_16679Contig11180	SETD3
Cpar_7249Contig38650	SETD3
Ctel_181634	SETD3
Ddis_XP_646263	SETD3
Ddis_XP_647487	SETD3
Esil_CBN75653	SETD3
Gpro_40672	SETD3
Hsap_ENSP00000327436	SETD3
Ihof_9696	SETD3
Lgig_118649	SETD3
Mbre_XP_001745126	SETD3
Nvec_XP_001633261	SETD3
Ocar_g6160_t1	SETD3
Ppal_EFA76078_1	SETD3
Ppal_EFA80143_1	SETD3
Spur_XP_798530	SETD3
Ttra_AMSG_06270	SETD3
Amac_05234	SETD4
Bden_Batde5_23340	SETD4
Cang_64968	SETD4
Ccor_86723	SETD4
Cint_ENSCINP00000020275	SETD4
Cpar_30297Contig7977	SETD4
Crev_10775	SETD4
Fgra_FGSG_08862	SETD4
Gthe_106158	SETD4
Hmag_XP_002160713	SETD4
Hsap_ENSP00000329189	SETD4
Ihof_3025	SETD4
Lgig_210687	SETD4
Mcir_Mucci2_183066	SETD4
Mver_10454	SETD4
Mvib_comp9388_c0_seq1_fr4	SETD4
Ncra_1923NCU02158	SETD4
Pbla_Phybl2_161758	SETD4
Ppal_EFA82762_1	SETD4
Rall_5223	SETD4
Rirr_97053	SETD4
Rory_10421	SETD4
Scil_69782	SETD4
Skow_XP_002737626	SETD4
Spom_NP_588349_1	SETD4
Tmel_XP_002838074	SETD4
Ttra_AMSG_04237	SETD4
Umar_225992	SETD4
Acas_g8180	SETD5
Adig_11240v107992	SETD5
Adig_13723v110302	SETD5
Adig_17690v113829	SETD5
Cele_Y32F6A_1_1	SETD5
Cele_Y73B3B_2	SETD5
Cint_ENSCINP00000024302	SETD5
Dmel_FBpp0075510	SETD5
Hmag_XP_002158654	SETD5
Hsap_ENSP00000257745	SETD5
Hsap_ENSP00000384114	SETD5
Lgig_139900	SETD5
Mbre_XP_001745803	SETD5
Mcir_Mucci2_159353	SETD5
Mcir_Mucci2_163371	SETD5
Mlei_ML01132a	SETD5
Nvec_XP_001637486	SETD5
Ocar_g2500_t1	SETD5
Pbla_Phybl2_145894	SETD5
Ppal_EFA86338_1	SETD5
Rory_14883	SETD5
Rory_4092	SETD5
Spom_NP_594837_1	SETD5
Spur_XP_003726851	SETD5
Spur_XP_785251	SETD5
Aano_F0YKM1	SETD6
Amac_13919	SETD6
Aque_XP_003382977	SETD6
Cang_156814	SETD6
Ccin_CC1G_03233	SETD6
Cgig_10004098	SETD6
Cint_ENSCINP00000020186	SETD6
Cneo_XP_567975	SETD6
Ctel_151537	SETD6
Fgra_FGSG_13489	SETD6
Hsap_ENSP00000219315	SETD6
Lgig_217400	SETD6
Mbre_XP_001747639	SETD6
Mbre_XP_001748684	SETD6
Mcir_Mucci2_106194	SETD6
Mver_06965	SETD6
Ncra_8714NCU09827	SETD6
Nvec_XP_001629819	SETD6
Ocar_g5802_t1	SETD6
Rirr_156604	SETD6
Rory_11187	SETD6
Scer_SCRT_00269	SETD6
Scil_68011	SETD6
Spom_NP_593610_1	SETD6
Spom_NP_594072_1	SETD6
Spur_XP_787519	SETD6
Sros_PTSG_01368	SETD6
Tcru_XP_807434	SETD6
Umar_246787	SETD6
Umay_XP_759768	SETD6
Apar_comp12770_c0_seq1_fr4	SETD7
Bnat_90901	SETD7
Cfra_2578T1	SETD7
Ddis_XP_636856	SETD7
Falb_H696_04941T0	SETD7
Gthe_99101	SETD7
Hsap_ENSP00000274031	SETD7
Ihof_5851	SETD7
Nspp_17480_fr3	SETD7
Ppal_EFA77773_1	SETD7
Rfil_3780083_1s1f1	SETD7
Sarc_SARC_15066	SETD7
Scil_69355	SETD7
Spun_SPPG_00148	SETD7
Tadh_XP_002112735	SETD7
Apar_comp22257_c0_seq1_fr4	SETD8
Aque_XP_003387132	SETD8
Cele_T26A5_7a	SETD8
Cfra_1842T1	SETD8
Cgig_10000979	SETD8
Cgig_10016754	SETD8
Cgig_10021314	SETD8
Cint_ENSCINP00000025690	SETD8
Clim_g757	SETD8
Cowc_CAOG_07681	SETD8
Cpar_12930Contig6860	SETD8
Cpar_20263Contig25695	SETD8
Ctel_172225	SETD8
Ctel_214008	SETD8
Ctel_49838	SETD8
Dmel_FBpp0082387	SETD8
Hmag_XP_002154569	SETD8
Hmag_XP_002155522	SETD8
Hmag_XP_002166795	SETD8
Hsap_ENSP00000332995	SETD8
Ihof_7590	SETD8
Lgig_117025	SETD8
Mbre_XP_001744129	SETD8
Mlei_ML024912a	SETD8
Mlei_ML19101a	SETD8
Mvib_comp6636_c1_seq1_fr4	SETD8
Nvec_XP_001629745	SETD8
Ocar_g7553_t1	SETD8
Pfal_Q8I1Z0_Q8I1Z0	SETD8
Ppal_EFA79695_1	SETD8
Sarc_SARC_03923	SETD8
Scil_63960	SETD8
Skow_XP_002737721	SETD8
Spur_XP_003728212	SETD8
Spur_XP_003730416	SETD8
Spur_XP_797080	SETD8
Sros_PTSG_09393	SETD8
Tadh_XP_002114992	SETD8
Tgon_XP_002371298	SETD8
Aano_F0XVZ8	SETMAR
Aano_F0YGG4	SETMAR
Acoe_001_00249	SETMAR
Acoe_002_00419	SETMAR
Acoe_005_00512	SETMAR
Acoe_005_00513	SETMAR
Acoe_007_00118	SETMAR
Acoe_009_00084	SETMAR
Acoe_010_00310	SETMAR
Acoe_013_00108	SETMAR
Acoe_021_00113	SETMAR
Acoe_025_00050	SETMAR
Acoe_039_00171	SETMAR
Acoe_043_00022	SETMAR
Acoe_110_00035	SETMAR
Acoe_133_00028	SETMAR
Aker_62797	SETMAR
Amac_03278	SETMAR
Apar_comp22500_c2_seq1_fr6	SETMAR
Aque_XP_003387124	SETMAR
Atha_AT1G17770	SETMAR
Atha_AT1G73100	SETMAR
Atha_AT2G05900	SETMAR
Atha_AT2G22740	SETMAR
Atha_AT2G23740	SETMAR
Atha_AT2G24740	SETMAR
Atha_AT2G33290	SETMAR
Atha_AT2G35160	SETMAR
Atha_AT4G13460	SETMAR
Atha_AT5G04940	SETMAR
Atha_AT5G13960	SETMAR
Bden_Batde5_6084	SETMAR
Bdis_1g29010	SETMAR
Bdis_1g53840	SETMAR
Bdis_2g13416	SETMAR
Bdis_2g26840	SETMAR
Bdis_2g59430	SETMAR
Bdis_2g60080	SETMAR
Bdis_3g12710	SETMAR
Bdis_3g35330	SETMAR
Bdis_3g52950	SETMAR
Bdis_4g25940	SETMAR
Bdis_4g28460	SETMAR
Bdis_4g28792	SETMAR
Bdis_4g43717	SETMAR
Bdis_5g17340	SETMAR
Bnat_40920	SETMAR
Bnat_69038	SETMAR
Cang_120509	SETMAR
Ccor_44719	SETMAR
Cele_F34D6_4	SETMAR
Cele_Y43F4B_3	SETMAR
Cint_ENSCINP00000003247	SETMAR
Cneo_XP_572264	SETMAR
Crev_82539	SETMAR
Ctel_206547	SETMAR
Cvar_EFN54317	SETMAR
Cvar_EFN57970	SETMAR
Dmel_FBpp0070062	SETMAR
Ehux_457456	SETMAR
Ehux_62571	SETMAR
Ehux_67245	SETMAR
Fgra_FGSG_02778	SETMAR
Glam_XP_001705541	SETMAR
Gthe_137717	SETMAR
Hmag_XP_002157170	SETMAR
Hmag_XP_002157195	SETMAR
Hsap_ENSP00000326477	SETMAR
Hsap_ENSP00000373354	SETMAR
Hsap_ENSP00000379078	SETMAR
Hsap_ENSP00000408583	SETMAR
Hsap_ENSP00000417980	SETMAR
Ihof_3673	SETMAR
Ihof_8075	SETMAR
Lgig_116536	SETMAR
Mgut_mgv1a000212m	SETMAR
Mgut_mgv1a002144m	SETMAR
Mgut_mgv1a002504m	SETMAR
Mgut_mgv1a002557m	SETMAR
Mgut_mgv1a003074m	SETMAR
Mgut_mgv1a005143m	SETMAR
Mgut_mgv1a006459m	SETMAR
Mgut_mgv1a020163m	SETMAR
Mgut_mgv1a021585m	SETMAR
Mlei_ML06271a	SETMAR
Mpus_Micpu54214	SETMAR
Mpus_Micpu62078	SETMAR
Mpus_Micpu7678	SETMAR
Ncra_3927NCU04402	SETMAR
Ngru_XP_002672965	SETMAR
Nvec_XP_001627377	SETMAR
Nvec_XP_001641871	SETMAR
Pfal_Q8IBB0_Q8IBB0	SETMAR
Pisp_45708	SETMAR
Pmar_XP_002785418	SETMAR
Ppat_XP_001753516	SETMAR
Ppat_XP_001768106	SETMAR
Ppat_XP_001774300	SETMAR
Ppat_XP_001775340	SETMAR
Ppat_XP_001782279	SETMAR
Ppat_XP_001785269	SETMAR
Ppat_XP_001785416	SETMAR
Sbic_02g006620	SETMAR
Sbic_02g010210	SETMAR
Sbic_02g022936	SETMAR
Sbic_03g037660	SETMAR
Sbic_03g044580	SETMAR
Sbic_04g030350	SETMAR
Sbic_04g033260	SETMAR
Sbic_06g001340	SETMAR
Sbic_06g024160	SETMAR
Sbic_07g019850	SETMAR
Sbic_07g019860	SETMAR
Sbic_07g019863	SETMAR
Sbic_07g023560	SETMAR
Sbic_08g001570	SETMAR
Sbic_09g019060	SETMAR
Sbic_09g024010	SETMAR
Scil_15884	SETMAR
Scil_53898	SETMAR
Scil_72863	SETMAR
Skow_XP_002731395	SETMAR
Skow_XP_002733701	SETMAR
Smoe_XP_002963315	SETMAR
Smoe_XP_002974605	SETMAR
Smoe_XP_002976443	SETMAR
Smoe_XP_002979834	SETMAR
Smoe_XP_002986381	SETMAR
Smoe_XP_002988688	SETMAR
Smoe_XP_002994641	SETMAR
Spom_NP_595186_1	SETMAR
Spur_XP_003728726	SETMAR
Spur_XP_782916	SETMAR
Spur_XP_785941	SETMAR
Tadh_XP_002113092	SETMAR
Tvag_XP_001276923	SETMAR
Acas_g2212	SMYD3
Acas_g2756	SMYD3
Acas_g4479	SMYD3
Acas_g7722	SMYD3
Acas_g7878	SMYD3
Acoe_082_00002	SMYD3
Adig_18862v114854	SMYD3
Adig_6000v123107	SMYD3
Aker_49446	SMYD3
Amac_09124	SMYD3
Apar_comp13957_c2_seq1_fr5	SMYD3
Apar_comp14767_c0_seq1_fr6	SMYD3
Apar_comp17667_c0_seq1_fr5	SMYD3
Apar_comp18210_c0_seq1_fr4	SMYD3
Apar_comp22662_c0_seq1_fr6	SMYD3
Atha_AT2G17900	SMYD3
Bden_Batde5_35411	SMYD3
Bden_Batde5_87992	SMYD3
Bdis_1g11010	SMYD3
Bdis_3g30360	SMYD3
Bnat_137864	SMYD3
Bnat_68204	SMYD3
Cang_50545	SMYD3
Cang_73015	SMYD3
Ccin_CC1G_04780	SMYD3
Ccor_78081	SMYD3
Cele_C07A9_7a	SMYD3
Cfra_1127T1	SMYD3
Cfra_5926T1	SMYD3
Cint_ENSCINP00000006865	SMYD3
Cint_ENSCINP00000013431	SMYD3
Cint_ENSCINP00000026472	SMYD3
Clim_g3916	SMYD3
Cowc_CAOG_00050	SMYD3
Cowc_CAOG_03954	SMYD3
Cpar_15254Contig9229	SMYD3
Cpar_18258Contig14362	SMYD3
Cpar_29282Contig7038	SMYD3
Crei_XP_001689919	SMYD3
Crev_80574	SMYD3
Ctel_118237	SMYD3
Ctel_183922	SMYD3
Ctel_197951	SMYD3
Ctel_90747	SMYD3
Cvar_EFN52201	SMYD3
Cvar_EFN53133	SMYD3
Cvar_EFN59915	SMYD3
Ddis_XP_629856	SMYD3
Ddis_XP_638717	SMYD3
Ddis_XP_647409	SMYD3
Dmel_FBpp0074807	SMYD3
Dmel_FBpp0087091	SMYD3
Ehux_120890	SMYD3
Ehux_194541	SMYD3
Ehux_205579	SMYD3
Ehux_250053	SMYD3
Ehux_454711	SMYD3
Esil_CBJ30403	SMYD3
Esil_CBJ49061	SMYD3
Esil_CBN74163	SMYD3
Esil_CBN79949	SMYD3
Fgra_FGSG_01168	SMYD3
Gpro_53695	SMYD3
Gthe_136248	SMYD3
Gthe_164767	SMYD3
Gthe_55948	SMYD3
Hmag_XP_002159692	SMYD3
Hmag_XP_002160254	SMYD3
Hmag_XP_002163555	SMYD3
Hsap_ENSP00000304360	SMYD3
Hsap_ENSP00000355924	SMYD3
Hsap_ENSP00000373637	SMYD3
Hsap_ENSP00000393453	SMYD3
Ihof_7581	SMYD3
Ihof_8584	SMYD3
Ihof_9158	SMYD3
Lgig_143433	SMYD3
Lgig_169490	SMYD3
Lmaj_XP_001686198	SMYD3
Mbre_XP_001745025	SMYD3
Mbre_XP_001748272	SMYD3
Mbre_XP_001749562	SMYD3
Mcir_Mucci2_112353	SMYD3
Mgut_mgv1a005471m	SMYD3
Mgut_mgv1a006005m	SMYD3
Mgut_mgv1a007180m	SMYD3
Mlei_ML064936a	SMYD3
Mlei_ML368810a	SMYD3
Mpus_Micpu192562	SMYD3
Mpus_Micpu52497	SMYD3
Mpus_Micpu58454	SMYD3
Mpus_Micpu59996	SMYD3
Mver_02594	SMYD3
Mver_04558	SMYD3
Mvib_comp11698_c0_seq1_fr6	SMYD3
Mvib_comp7241_c1_seq1_fr4	SMYD3
Mvib_comp9007_c1_seq1_fr4	SMYD3
Ncra_2647NCU02962	SMYD3
Ngad_06548	SMYD3
Ngru_XP_002671048	SMYD3
Nspp_11197_fr2	SMYD3
Nspp_9529_fr1	SMYD3
Nvec_XP_001627273	SMYD3
Nvec_XP_001627600	SMYD3
Ocar_g9404_t1	SMYD3
Otau_XP_003079708	SMYD3
Pbla_Phybl2_189332	SMYD3
Pfal_Q8IDE8_Q8IDE8	SMYD3
Pinf_XP_002908311	SMYD3
Pinf_XP_002998487	SMYD3
Pisp_16258	SMYD3
Pisp_2064	SMYD3
Pisp_6827	SMYD3
Pmar_XP_002773875	SMYD3
Pmar_XP_002780642	SMYD3
Ppal_EFA76050_1	SMYD3
Ppal_EFA77024_1	SMYD3
Ppal_EFA80047_1	SMYD3
Ppal_EFA83075_1	SMYD3
Ppat_XP_001778213	SMYD3
Rall_1996	SMYD3
Rfil_98732_6cf1	SMYD3
Rirr_210128	SMYD3
Rirr_5517	SMYD3
Rory_4950	SMYD3
Sagg_84574	SMYD3
Sarc_SARC_00798	SMYD3
Sarc_SARC_01700	SMYD3
Sbic_01g010740	SMYD3
Scil_16111	SMYD3
Scil_46411	SMYD3
Skow_XP_002733823	SMYD3
Skow_XP_002740933	SMYD3
Smoe_XP_002967367	SMYD3
Smoe_XP_002969663	SMYD3
Smoe_XP_002981276	SMYD3
Spom_NP_596514_1	SMYD3
Spun_SPPG_00764	SMYD3
Spun_SPPG_03824	SMYD3
Spur_XP_001181205	SMYD3
Spur_XP_001199204	SMYD3
Spur_XP_003728116	SMYD3
Spur_XP_003730587	SMYD3
Spur_XP_003730778	SMYD3
Spur_XP_003731708	SMYD3
Spur_XP_781331	SMYD3
Spur_XP_788278	SMYD3
Spur_XP_799878	SMYD3
Sros_PTSG_04361	SMYD3
Sros_PTSG_06889	SMYD3
Tadh_XP_002109888	SMYD3
Tmel_XP_002841392	SMYD3
Tpse_XP_002292103	SMYD3
Tpse_XP_002294212	SMYD3
Umar_222446	SMYD3
Umar_226245	SMYD3
Umar_278813	SMYD3
Vcar_XP_002950044	SMYD3
Vcar_XP_002950612	SMYD3
Vcar_XP_002956692	SMYD3
Acas_g2212	SMYD4
Acas_g2756	SMYD4
Acas_g4479	SMYD4
Acas_g7722	SMYD4
Acas_g7878	SMYD4
Acoe_082_00002	SMYD4
Adig_18862v114854	SMYD4
Adig_6000v123107	SMYD4
Aker_49446	SMYD4
Amac_09124	SMYD4
Apar_comp13957_c2_seq1_fr5	SMYD4
Apar_comp14767_c0_seq1_fr6	SMYD4
Apar_comp17667_c0_seq1_fr5	SMYD4
Apar_comp18210_c0_seq1_fr4	SMYD4
Apar_comp22662_c0_seq1_fr6	SMYD4
Atha_AT2G17900	SMYD4
Bden_Batde5_35411	SMYD4
Bden_Batde5_87992	SMYD4
Bdis_1g11010	SMYD4
Bdis_3g30360	SMYD4
Bnat_137864	SMYD4
Bnat_68204	SMYD4
Cang_50545	SMYD4
Cang_73015	SMYD4
Ccin_CC1G_04780	SMYD4
Ccor_78081	SMYD4
Cele_C07A9_7a	SMYD4
Cfra_1127T1	SMYD4
Cfra_5926T1	SMYD4
Cint_ENSCINP00000006865	SMYD4
Cint_ENSCINP00000013431	SMYD4
Cint_ENSCINP00000026472	SMYD4
Clim_g3916	SMYD4
Cowc_CAOG_00050	SMYD4
Cowc_CAOG_03954	SMYD4
Cpar_15254Contig9229	SMYD4
Cpar_18258Contig14362	SMYD4
Cpar_29282Contig7038	SMYD4
Crei_XP_001689919	SMYD4
Crev_80574	SMYD4
Ctel_118237	SMYD4
Ctel_183922	SMYD4
Ctel_197951	SMYD4
Ctel_90747	SMYD4
Cvar_EFN52201	SMYD4
Cvar_EFN53133	SMYD4
Cvar_EFN59915	SMYD4
Ddis_XP_629856	SMYD4
Ddis_XP_638717	SMYD4
Ddis_XP_647409	SMYD4
Dmel_FBpp0074807	SMYD4
Dmel_FBpp0087091	SMYD4
Ehux_120890	SMYD4
Ehux_194541	SMYD4
Ehux_205579	SMYD4
Ehux_250053	SMYD4
Ehux_454711	SMYD4
Esil_CBJ30403	SMYD4
Esil_CBJ49061	SMYD4
Esil_CBN74163	SMYD4
Esil_CBN79949	SMYD4
Fgra_FGSG_01168	SMYD4
Gpro_53695	SMYD4
Gthe_136248	SMYD4
Gthe_164767	SMYD4
Gthe_55948	SMYD4
Hmag_XP_002159692	SMYD4
Hmag_XP_002160254	SMYD4
Hmag_XP_002163555	SMYD4
Hsap_ENSP00000304360	SMYD4
Hsap_ENSP00000355924	SMYD4
Hsap_ENSP00000373637	SMYD4
Hsap_ENSP00000393453	SMYD4
Ihof_7581	SMYD4
Ihof_8584	SMYD4
Ihof_9158	SMYD4
Lgig_143433	SMYD4
Lgig_169490	SMYD4
Lmaj_XP_001686198	SMYD4
Mbre_XP_001745025	SMYD4
Mbre_XP_001748272	SMYD4
Mbre_XP_001749562	SMYD4
Mcir_Mucci2_112353	SMYD4
Mgut_mgv1a005471m	SMYD4
Mgut_mgv1a006005m	SMYD4
Mgut_mgv1a007180m	SMYD4
Mlei_ML064936a	SMYD4
Mlei_ML368810a	SMYD4
Mpus_Micpu192562	SMYD4
Mpus_Micpu52497	SMYD4
Mpus_Micpu58454	SMYD4
Mpus_Micpu59996	SMYD4
Mver_02594	SMYD4
Mver_04558	SMYD4
Mvib_comp11698_c0_seq1_fr6	SMYD4
Mvib_comp7241_c1_seq1_fr4	SMYD4
Mvib_comp9007_c1_seq1_fr4	SMYD4
Ncra_2647NCU02962	SMYD4
Ngad_06548	SMYD4
Ngru_XP_002671048	SMYD4
Nspp_11197_fr2	SMYD4
Nspp_9529_fr1	SMYD4
Nvec_XP_001627273	SMYD4
Nvec_XP_001627600	SMYD4
Ocar_g9404_t1	SMYD4
Otau_XP_003079708	SMYD4
Pbla_Phybl2_189332	SMYD4
Pfal_Q8IDE8_Q8IDE8	SMYD4
Pinf_XP_002908311	SMYD4
Pinf_XP_002998487	SMYD4
Pisp_16258	SMYD4
Pisp_2064	SMYD4
Pisp_6827	SMYD4
Pmar_XP_002773875	SMYD4
Pmar_XP_002780642	SMYD4
Ppal_EFA76050_1	SMYD4
Ppal_EFA77024_1	SMYD4
Ppal_EFA80047_1	SMYD4
Ppal_EFA83075_1	SMYD4
Ppat_XP_001778213	SMYD4
Rall_1996	SMYD4
Rfil_98732_6cf1	SMYD4
Rirr_210128	SMYD4
Rirr_5517	SMYD4
Rory_4950	SMYD4
Sagg_84574	SMYD4
Sarc_SARC_00798	SMYD4
Sarc_SARC_01700	SMYD4
Sbic_01g010740	SMYD4
Scil_16111	SMYD4
Scil_46411	SMYD4
Skow_XP_002733823	SMYD4
Skow_XP_002740933	SMYD4
Smoe_XP_002967367	SMYD4
Smoe_XP_002969663	SMYD4
Smoe_XP_002981276	SMYD4
Spom_NP_596514_1	SMYD4
Spun_SPPG_00764	SMYD4
Spun_SPPG_03824	SMYD4
Spur_XP_001181205	SMYD4
Spur_XP_001199204	SMYD4
Spur_XP_003728116	SMYD4
Spur_XP_003730587	SMYD4
Spur_XP_003730778	SMYD4
Spur_XP_003731708	SMYD4
Spur_XP_781331	SMYD4
Spur_XP_788278	SMYD4
Spur_XP_799878	SMYD4
Sros_PTSG_04361	SMYD4
Sros_PTSG_06889	SMYD4
Tadh_XP_002109888	SMYD4
Tmel_XP_002841392	SMYD4
Tpse_XP_002292103	SMYD4
Tpse_XP_002294212	SMYD4
Umar_222446	SMYD4
Umar_226245	SMYD4
Umar_278813	SMYD4
Vcar_XP_002950044	SMYD4
Vcar_XP_002950612	SMYD4
Vcar_XP_002956692	SMYD4
Acas_g1616	SMYD5
Acas_g4936	SMYD5
Acas_g5076	SMYD5
Acas_g8002	SMYD5
Adig_9231v106136	SMYD5
Aker_52254	SMYD5
Aker_60563	SMYD5
Apar_comp18491_c0_seq1_fr5	SMYD5
Ccin_CC1G_15023	SMYD5
Cfra_1710T1	SMYD5
Cgig_10009476	SMYD5
Cint_ENSCINP00000004219	SMYD5
Cowc_CAOG_07464	SMYD5
Cowc_CAOG_08663	SMYD5
Ctel_159764	SMYD5
Dmel_FBpp0083507	SMYD5
Ehux_204100	SMYD5
Glam_XP_001705534	SMYD5
Hmag_XP_002160911	SMYD5
Hsap_ENSP00000374152	SMYD5
Lgig_231752	SMYD5
Lmaj_XP_001683417	SMYD5
Lmaj_XP_001683692	SMYD5
Mbre_XP_001749762	SMYD5
Mlei_ML003211a	SMYD5
Nspp_5246_fr2	SMYD5
Nspp_5247_fr1	SMYD5
Nvec_XP_001627062	SMYD5
Pmar_XP_002768910	SMYD5
Pmar_XP_002777347	SMYD5
Ppal_EFA80204_1	SMYD5
Scil_51718	SMYD5
Skow_XP_002735533	SMYD5
Spur_XP_784346	SMYD5
Sros_PTSG_08216	SMYD5
Tadh_XP_002114620	SMYD5
Tgon_XP_002371618	SMYD5
Tpse_XP_002292460	SMYD5
Ttra_AMSG_10303	SMYD5
Vcar_XP_002956564	SMYD5
Acas_g9962	SUV39
Amac_06513	SUV39
Amac_15442	SUV39
Apar_comp14837_c0_seq1_fr6	SUV39
Aque_XP_003389507	SUV39
Bnat_82444	SUV39
Cang_120080	SUV39
Ccin_CC1G_12392	SUV39
Cgig_10004599	SUV39
Cint_ENSCINP00000001349	SUV39
Crev_81553	SUV39
Ctel_140913	SUV39
Ddis_XP_646062	SUV39
Dmel_FBpp0082583	SUV39
Hmag_XP_002162409	SUV39
Hsap_ENSP00000337976	SUV39
Hsap_ENSP00000346997	SUV39
Lgig_134869	SUV39
Mcir_Mucci2_146498	SUV39
Mlei_ML05765a	SUV39
Mver_05042	SUV39
Ngru_XP_002673418	SUV39
Nspp_17621_fr3	SUV39
Nvec_XP_001628294	SUV39
Pbla_Phybl2_156239	SUV39
Ppal_EFA86329_1	SUV39
Ppat_XP_001756860	SUV39
Rall_4856	SUV39
Rfil_24410_3cf1	SUV39
Rirr_39959	SUV39
Rory_15688	SUV39
Skow_XP_002734659	SUV39
Spun_SPPG_05106	SUV39
Spur_XP_782949	SUV39
Sros_PTSG_08195	SUV39
Umar_238155	SUV39
Apar_comp16015_c3_seq1_fr4	SUV420
Bden_Batde5_8511	SUV420
Cang_122643	SUV420
Cang_122703	SUV420
Cang_125152	SUV420
Ccin_CC1G_11834	SUV420
Ccor_10342	SUV420
Cele_C32D5_5	SUV420
Cfra_7019T1	SUV420
Cgig_10007764	SUV420
Cint_ENSCINP00000001120	SUV420
Clim_g4811	SUV420
Cowc_CAOG_02948	SUV420
Crev_43176	SUV420
Ctel_228696	SUV420
Dmel_FBpp0070146	SUV420
Falb_H696_04933T0	SUV420
Fgra_FGSG_06529	SUV420
Gpro_132992	SUV420
Hmag_XP_002166241	SUV420
Hsap_ENSP00000255613	SUV420
Hsap_ENSP00000305899	SUV420
Ihof_10267	SUV420
Lgig_116803	SUV420
Mcir_Mucci2_135209	SUV420
Mcir_Mucci2_150356	SUV420
Mlei_ML02412a	SUV420
Mver_08497	SUV420
Ncra_7565NCU08551	SUV420
Nspp_13715_fr4	SUV420
Nvec_XP_001634769	SUV420
Ocar_g3228_t1	SUV420
Pbla_Phybl2_112008	SUV420
Pisp_49244	SUV420
Rall_3287	SUV420
Rory_16697	SUV420
Rory_2737	SUV420
Rory_5415	SUV420
Skow_XP_002732220	SUV420
Spom_NP_588078_1	SUV420
Spun_SPPG_04024	SUV420
Spur_XP_800216	SUV420
Sros_PTSG_09637	SUV420
Tadh_XP_002115573	SUV420
Tmel_XP_002839141	SUV420
Umar_223368	SUV420
Umay_XP_756690	SUV420
