Cmer_CMN313C	set
Mpus_Micpu164960	set
Ihof_1171	set
Apar_comp20410_c1_seq1_fr5	set
Cvar_EFN54848	set
Crei_XP_001701055	set
Vcar_XP_002951402	set
Dmel_FBpp0074738	set
Cpar_12738Contig6713	set
Gthe_137717	set
Pinf_XP_002907842	set
Mbre_XP_001750922	set
Acas_g7149	set
Sros_PTSG_04178	set
Scil_43878	set
Scil_50427	set
Ocar_g2341_t1	set
Hsap_ENSP00000357330	set
Spur_XP_003728661	set
Spur_XP_003728662	set
Spur_XP_784903	set
Skow_XP_002732754	set
Lgig_143999	set
Cgig_10006344	set
Ctel_176480	set
Ehux_425757	set
Apar_comp15960_c0_seq1_fr5	set
Scil_27866	set
Cele_C43E11_3a	set
Dmel_FBpp0073610	set
Scer_SCRT_03509	set
Spom_NP_594980_1	set
Pinf_XP_002903302	set
Pinf_XP_002903975	set
Pinf_XP_002997080	set
Pinf_XP_002906394	set
Pinf_XP_002900479	set
Cneo_XP_572085	set
Ccin_CC1G_09124	set
Umay_XP_758647	set
Ncra_243NCU00269	set
Fgra_FGSG_05558	set
Tmel_XP_002838740	set
Gthe_69157	set
Tpse_XP_002287806	set
Ptri_XP_002176717	set
Bnat_87411	set
Tcru_XP_814551	set
Sarc_SARC_05941	set
Cfra_6692T1	set
Gthe_47131	set
Ngru_XP_002675415	set
Pfal_Q8IE95_Q8IE95	set
Scil_28186	set
Scil_16325	set
Atha_AT1G77300	set
Bdis_3g45727	set
Sbic_04g022620	set
Smoe_XP_002982470	set
Ihof_10001	set
Ppat_XP_001774900	set
Ppat_XP_001757655	set
Falb_H696_01829T0	set
Falb_H696_01829T1	set
Ttra_AMSG_02056	set
Umar_257554	set
Mcir_Mucci2_38052	set
Rory_5504	set
Amac_11220	set
Crev_88476	set
Nspp_12465_fr6	set
Mver_01422	set
Mver_11821	set
Gpro_455465	set
Mcir_Mucci2_34233	set
Rory_16719	set
Clim_g2911	set
Pbla_Phybl2_133104	set
Rory_1193	set
Cang_125716	set
Cang_123522	set
Tmel_XP_002836395	set
Ncra_1713NCU01932	set
Fgra_FGSG_08916	set
Cowc_CAOG_03906	set
Pisp_22950	set
Rirr_34964	set
Cpar_9156Contig43085	set
Tcru_XP_803514	set
Tcru_XP_809765	set
Bsal_BS02315	set
Lmaj_XP_001684263	set
Ppat_XP_001771670	set
Tcru_XP_807760	set
Tcru_XP_810987	set
Lmaj_XP_001686591	set
Bsal_BS33470	set
Pinf_XP_002907011	set
Cele_K09F5_5	set
Mvib_comp10766_c1_seq1_fr4	set
Cowc_CAOG_08491	set
Ccor_47936	set
Tadh_XP_002116791	set
Mlei_ML033625a	set
Hmag_XP_002164851	set
Hsap_ENSP00000395929	set
Cgig_10013318	set
Ctel_93578	set
Skow_XP_002731935	set
Spur_XP_785219	set
Lgig_123404	set
Lgig_192045	set
Hsap_ENSP00000313983	set
Hsap_ENSP00000372347	set
Cint_ENSCINP00000025831	set
Nvec_XP_001635219	set
Ptet_A0DQ87_A0DQ87	set
Ptet_A0BJ67_A0BJ67	set
Ptet_A0DZ39_A0DZ39	set
Tthe_XP_001007909	set
Ehux_118705	set
Ehux_210156	set
Ehux_470404	set
Bnat_146525	set
Gthe_56155	set
Tgon_XP_002365011	set
Aker_28962	set
Rfil_3784744_2s	set
Cgig_10010657	set
Cint_ENSCINP00000024302	set
Hsap_ENSP00000384114	set
Hmag_XP_002158654	set
Cele_Y73B3B_2	set
Dmel_FBpp0075510	set
Spom_NP_594837_1	set
Spur_XP_785251	set
Spur_XP_003726851	set
Hsap_ENSP00000257745	set
Tadh_XP_002117828	set
Mlei_ML01132a	set
Aque_XP_003383073	set
Ocar_g2500_t1	set
Ihof_9932	set
Adig_11240v107992	set
Nvec_XP_001637486	set
Adig_17690v113829	set
Adig_13723v110302	set
Mbre_XP_001745803	set
Scil_12689	set
Scil_9219	set
Scil_83602	set
Scil_60754	set
Cang_50153	set
Fgra_FGSG_09585	set
Ppal_EFA86338_1	set
Mcir_Mucci2_163371	set
Rory_14883	set
Mcir_Mucci2_159353	set
Rory_4092	set
Pbla_Phybl2_145894	set
Acas_g8180	set
Lgig_139900	set
Crev_10785	set
Cowc_CAOG_02237	set
Mver_04374	set
Rirr_253856	set
Rall_1841	set
Gthe_65244	set
Ngru_XP_002679121	set
Pinf_XP_002899256	set
Aano_F0Y2P1	set
Esil_CBN76570	set
Ccri_T00005569001	set
Gthe_66832	set
Esil_CBJ25830	set
Pyez_41266_g9405	set
Aano_F0YC71	set
Aano_F0YPS7	set
Aano_F0Y9T9	set
Glam_XP_001707053	set
Apar_comp11096_c0_seq1_fr5	set
Pinf_XP_002909073	set
Pinf_XP_002908175	set
Acoe_016_00362	set
Mgut_mgv1a004719m	set
Atha_AT4G30860	set
Bdis_3g36790	set
Sbic_07g021810	set
Sbic_04g025725	set
Bdis_3g48497	set
Pfal_Q8IBB0_Q8IBB0	set
Ptri_XP_002177534	set
Sbic_02g020844	set
Atha_AT3G59960	set
Atha_AT2G44150	set
Mgut_mgv1a025945m	set
Mgut_mgv1a023306m	set
Acoe_010_00651	set
Bdis_4g27797	set
Bdis_1g20527	set
Ppat_XP_001752811	set
Ppat_XP_001768386	set
Smoe_XP_002979406	set
Smoe_XP_002994293	set
Ppat_XP_001765507	set
Ptri_XP_002185333	set
Tpse_XP_002296152	set
Pinf_XP_002999193	set
Esil_CBN74517	set
Gpro_57228	set
Pinf_XP_002899278	set
Esil_CBN75501	set
Pmar_XP_002787740	set
Sarc_SARC_01601	set
Ptet_A0DWT5_A0DWT5	set
Cpar_28224Contig56056	set
Methanoregula_boonei_501056142_20_11	set
Pinf_XP_002899390	set
Pinf_XP_002900419	set
Pinf_XP_002902016	set
Clim_g2896	set
Tcru_XP_810430	set
Tcru_XP_805945	set
Otau_XP_003079712	set
Bsal_BS35450	set
Lmaj_XP_001683937	set
Ncra_1750NCU01973	set
Scer_SCRT_04049	set
Scer_SCRT_03567	set
Pinf_XP_002895606	set
Pinf_XP_002902883	set
Pinf_XP_002898694	set
Gthe_131886	set
Spun_SPPG_06877	set
Cang_65771	set
Spun_SPPG_01685	set
Nvec_XP_001622536	set
Nvec_XP_001621978	set
Bnat_136495	set
Ehux_453655	set
Mpus_Micpu56361	set
Esil_CBN75282	set
Tpse_XP_002297463	set
Mvib_comp13658_c0_seq1_fr6	set
Acas_g12825	set
Acas_g9900	set
Esil_CBN80460	set
Candidatus_Parvarchaeum_acidophilus_	set
Cowc_CAOG_00526	set
Crei_XP_001701098	set
Vcar_XP_002951499	set
Aker_99154	set
Clim_g6588	set
Ptri_XP_002178826	set
Tpse_XP_002290717	set
Mpus_Micpu52469	set
Mpus_Micpu51358	set
Otau_XP_003081944	set
Mpus_Micpu51562	set
Otau_XP_003080081	set
Apar_comp18887_c1_seq1_fr4	set
Esil_CBN77807	set
Acoe_005_00399	set
Bdis_3g15410	set
Sbic_07g005020	set
Atha_AT4G15180	set
Mgut_mgv1a000031m	set
Ihof_9191	set
Smoe_XP_002990183	set
Smoe_XP_002992504	set
Smoe_XP_002994441	set
Ppat_XP_001770247	set
Ppat_XP_001781749	set
Aker_53819	set
Sagg_62231	set
Cfra_5212T1	set
Sarc_SARC_11016	set
Rfil_109858_1c	set
Rfil_121409_1c	set
Rfil_32637_1c	set
Ptet_A0DNF5_A0DNF5	set
Ptet_A0C497_A0C497	set
Tthe_XP_001032856	set
Tthe_XP_001024864	set
Ihof_1997	set
Apar_comp11676_c0_seq1_fr6	set
Cele_Y2H9A_1_1	set
Gthe_137874	set
Cele_Y43F4B_3	set
Cfra_6425T1	set
Crei_XP_001701518	set
Vcar_XP_002953101	set
Tpse_XP_002293109	set
Rfil_110236_1c	set
Nspp_22980_fr5	set
Nspp_21466_fr4	set
Glam_XP_001707862	set
Cele_K12H6_11	set
Cele_W01C8_3	set
Spun_SPPG_07674	set
Spun_SPPG_02720	set
Apar_comp21086_c0_seq1_fr6	set
Ihof_8812	set
Cpar_157Contig10195	set
Cele_C49F5_2	set
Cele_C41G7_4	set
Cele_Y24D9A_2	set
Cele_R11E3_4	set
Vcar_XP_002949759	set
Crei_XP_001691757	set
Tvag_XP_001320364	set
Tvag_XP_001580691	set
Ptet_A0D2C2_A0D2C2	set
Ptet_A0CDR5_A0CDR5	set
Ptet_A0D472_A0D472	set
Ddis_XP_646062	set
Hsap_ENSP00000417980	set
Cint_ENSCINP00000028043	set
Cint_ENSCINP00000003247	set
Hsap_ENSP00000379078	set
Hsap_ENSP00000408583	set
Skow_XP_002733701	set
Spur_XP_003728726	set
Spur_XP_785941	set
Ctel_206547	set
Cpar_26081Contig52867	set
Ehux_197202	set
Ehux_61763	set
Ppal_EFA86329_1	set
Pbla_Phybl2_156239	set
Rfil_24410_3cf1	set
Nvec_XP_001641871	set
Hsap_ENSP00000373354	set
Skow_XP_002731395	set
Tadh_XP_002113092	set
Bnat_40920	set
Dmel_FBpp0112128	set
Amac_03278	set
Cele_Y41D4B_12a	set
Rirr_85029	set
Sros_PTSG_08195	set
Cneo_XP_572587	set
Cgig_10028705	set
Cgig_10016376	set
Cfra_6612T1	set
Sarc_SARC_01720	set
Ehux_63772	set
Ehux_100885	set
Bnat_82444	set
Aker_82917	set
Rfil_29978_4c	set
Apar_comp10678_c1_seq1_fr5	set
Hmag_XP_002157195	set
Hmag_XP_002157170	set
Umay_XP_756547	set
Tmel_XP_002836926	set
Acas_g9962	set
Scil_72863	set
Bdis_2g51320	set
Sbic_03g035910	set
Gthe_62776	set
Acoe_009_00559	set
Atha_AT3G03750	set
Mgut_mgv1a009915m	set
Ppat_XP_001752275	set
Mlei_ML08863a	set
Smoe_XP_002964246	set
Smoe_XP_002989567	set
Ctel_112305	set
Glam_XP_001705541	set
Lgig_116536	set
Spur_XP_782916	set
Tgon_XP_002364904	set
Acas_g441	set
Hmag_XP_002162409	set
Crev_81553	set
Apar_comp14837_c0_seq1_fr6	set
Ihof_3673	set
Bsal_BS32645	set
Tcru_XP_810935	set
Tcru_XP_818076	set
Rall_4856	set
Pisp_45708	set
Cint_ENSCINP00000001349	set
Aque_XP_003389507	set
Nvec_XP_001628294	set
Skow_XP_002734659	set
Hsap_ENSP00000346997	set
Hsap_ENSP00000337976	set
Spur_XP_782949	set
Ctel_140913	set
Cgig_10004599	set
Lgig_134869	set
Scil_53898	set
Mlei_ML05765a	set
Esil_CBJ33274	set
Crev_82539	set
Spun_SPPG_05106	set
Ngru_XP_002673418	set
Rirr_39959	set
Esil_CBN78286	set
Bden_Batde5_6084	set
Esil_CBN78130	set
Spom_NP_595186_1	set
Smoe_XP_002979834	set
Smoe_XP_002976443	set
crenarchaeote_SCGC_AAA261C22_5166683	set
Ppat_XP_001785269	set
Bdis_5g17340	set
Sbic_06g024160	set
Sbic_04g033260	set
Bdis_3g35330	set
Sbic_07g019850	set
Sbic_07g019860	set
Atha_AT2G22740	set
Atha_AT2G35160	set
Spun_SPPG_08714	set
Pmar_XP_002785418	set
Pmar_XP_002767929	set
Mpus_Micpu62078	set
Aker_62797	set
Vcar_XP_002952737	set
Crei_XP_001701764	set
Mpus_Micpu7678	set
Ehux_457456	set
Ehux_67245	set
Bnat_80755	set
Mgut_mgv1a003074m	set
Mgut_mgv1a002144m	set
Sbic_02g006620	set
Bdis_1g53840	set
Sbic_03g037660	set
Bdis_4g25940	set
Esil_CBJ29831	set
Sbic_09g024010	set
Bdis_2g13416	set
Bdis_4g43717	set
Sbic_08g001570	set
Sbic_06g001340	set
Atha_AT5G04940	set
Atha_AT1G73100	set
Acoe_009_00084	set
Atha_AT2G05900	set
Atha_AT1G17770	set
Atha_AT2G24740	set
Acoe_110_00035	set
Acoe_043_00022	set
Smoe_XP_002974605	set
Smoe_XP_002963315	set
Ppat_XP_001785416	set
Ppat_XP_001775340	set
Atha_AT5G13960	set
Mgut_mgv1a005143m	set
Acoe_013_00108	set
Acoe_039_00171	set
Ppat_XP_001753516	set
Bdis_2g26840	set
Sbic_09g019060	set
Sbic_03g044580	set
Bdis_2g59430	set
Cvar_EFN57970	set
Ptet_A0D7N3_A0D7N3	set
Ptet_A0EBG7_A0EBG7	set
Ptet_A0BRZ9_A0BRZ9	set
Sbic_07g023560	set
Bdis_3g12710	set
Bdis_2g60080	set
Bdis_1g29010	set
Sbic_02g010210	set
Atha_AT2G33290	set
Atha_AT4G13460	set
Acoe_025_00050	set
Mgut_mgv1a002504m	set
Mgut_mgv1a002557m	set
Acoe_001_00249	set
Mgut_mgv1a021585m	set
Acoe_133_00028	set
Bdis_4g28792	set
Sbic_07g019863	set
Sbic_02g022936	set
Acoe_005_00512	set
Acoe_005_00513	set
Acoe_002_00419	set
Acoe_021_00113	set
Acoe_010_00310	set
Ehux_62571	set
Cgig_10002357	set
Bdis_4g28460	set
Mgut_mgv1a006459m	set
Mgut_mgv1a020163m	set
Tvag_XP_001276923	set
Mlei_ML06271a	set
Atha_AT3G04380	set
Acoe_034_00271	set
Acoe_025_00006	set
Ptri_XP_002186224	set
Atha_AT5G43990	set
000REFERENE_ANOTATE_ML1	set
Atha_AT1G04050	set
Mgut_mgv1a019352m	set
Mgut_mgv1a004355m	set
Bdis_1g64870	set
Bdis_3g48970	set
Bdis_3g48980	set
Sbic_04g026310	set
Sbic_07g023480	set
Bdis_3g12790	set
Bdis_5g00500	set
Sbic_06g034060	set
Mgut_mgv1a008633m	set
Smoe_XP_002978283	set
Smoe_XP_002966287	set
Ppat_XP_001757011	set
Ppat_XP_001785809	set
Mgut_mgv1a001836m	set
Mgut_mgv1a001540m	set
Ccor_44719	set
Bnat_69038	set
Dmel_FBpp0082583	set
Pinf_XP_002909121	set
Sarc_SARC_06586	set
Cfra_2387T1	set
Cang_54737	set
Cang_57221	set
Umay_XP_761474	set
Smoe_XP_002994641	set
Smoe_XP_002971955	set
Cele_F34D6_4	set
Nspp_17621_fr3	set
Acoe_007_00118	set
Bdis_3g52950	set
Sbic_04g030350	set
Ppat_XP_001782279	set
Ppat_XP_001768106	set
Ppat_XP_001774300	set
Ppat_XP_001756860	set
Smoe_XP_002986381	set
Smoe_XP_002988688	set
Mgut_mgv1a000212m	set
Atha_AT2G23740	set
Umar_238155	set
Ccin_CC1G_12392	set
Dmel_FBpp0070062	set
Gpro_56876	set
Mcir_Mucci2_146498	set
Rory_15688	set
Cang_120080	set
Ocar_g6960_t1	set
Mpus_Micpu54214	set
Apar_comp22500_c2_seq1_fr6	set
Ihof_8075	set
Scil_15884	set
Smoe_XP_002986562	set
Crei_XP_001693744	set
Ncra_5372NCU06119	set
Gthe_54440	set
Aano_F0XVZ8	set
Ngru_XP_002672965	set
Aano_F0YGG4	set
Mbre_XP_001751054	set
Ncra_3927NCU04402	set
Fgra_FGSG_02778	set
Tvag_XP_001322206	set
Ccin_CC1G_15399	set
Mvib_comp13337_c0_seq1_fr4	set
Cvar_EFN54317	set
Skow_XP_002731923	set
Nvec_XP_001627377	set
Adig_5360v122594	set
Hmag_XP_002169411	set
Cgig_10026622	set
Lgig_111681	set
Spur_XP_003723917	set
Ctel_224568	set
Hsap_ENSP00000271640	set
Cint_ENSCINP00000019485	set
Ocar_g3910_t1	set
Hsap_ENSP00000326477	set
Cele_R05D3_11	set
Dmel_FBpp0111689	set
Tadh_XP_002117622	set
Tadh_XP_002117623	set
Scil_27079	set
Aque_XP_003387124	set
Otau_XP_003084059	set
Otau_XP_003084058	set
Mpus_Micpu68459	set
Esil_CBJ30962	set
Esil_CBJ33295	set
Esil_CBN75284	set
Pisp_6827	set
Esil_CBJ28193	set
Cvar_EFN59137	set
Amac_15442	set
Amac_06513	set
Mver_05042	set
Crei_XP_001691756	set
Nspp_4954_fr6	set
Cang_120509	set
Methanoregula_formicicum_505097517_3	set
Ehux_104217	set
Ehux_99042	set
Ehux_465073	set
Ehux_465838	set
Ehux_219861	set
Tpse_XP_002291638	set
Aano_F0YNW7	set
Ehux_210292	set
Ehux_209727	set
Ehux_97090	set
Ehux_213142	set
Ehux_204488	set
Tvag_XP_001314927	set
Tvag_XP_001312747	set
Ptri_XP_002176658	set
Tpse_XP_002296329	set
candidate_division_YNPFFA_archaeon_S	set
Acas_g8750	set
Ddis_XP_642738	set
Tthe_XP_001014276	set
Spun_SPPG_02658	set
Mcir_Mucci2_83879	set
Pbla_Phybl2_146259	set
Sarc_SARC_00017	set
Bsal_BS08375	set
Mver_07756	set
Cfra_2215T1	set
Sarc_SARC_03282	set
Apar_comp19285_c0_seq1_fr5	set
Ihof_2778	set
Acas_g9840	set
Rfil_12413_15cf1	set
Tpse_XP_002292313	set
Pisp_13055	set
Tpse_XP_002292460	set
Tpse_XP_002290162	set
Tpse_XP_002286409	set
Ptri_XP_002178236	set
Ptri_XP_002178582	set
Ptri_XP_002179500	set
Tpse_XP_002288187	set
Ptri_XP_002176598	set
Ptri_XP_002180933	set
Aano_F0Y9B5	set
Ptri_XP_002176608	set
Tpse_XP_002294686	set
Tpse_XP_002296236	set
Tpse_XP_002295860	set
Rfil_3716423_1s	set
Rfil_3793145_3s	set
Tthe_XP_001022867	set
Tcru_XP_813687	set
Tcru_XP_819325	set
Otau_XP_003083373	set
Pfal_Q8I5R3_Q8I5R3	set
Aano_F0YC01	set
Pyez_16402_g3986	set
Scil_44857	set
Scil_42146	set
Tgon_XP_002370230	set
Gpro_26820	set
Mcir_Mucci2_107212	set
Gthe_55948	set
Dmel_FBpp0071271	set
Dmel_FBpp0070406	set
Gthe_116344	set
Aano_F0YJ55	set
Cvar_EFN50775	set
Cvar_EFN56803	set
Bnat_72013	set
Bnat_134149	set
Aano_F0YKM1	set
Aano_F0YHL9	set
Otau_XP_003074252	set
Cowc_CAOG_05400	set
Cowc_CAOG_04380	set
Aker_100229	set
Sros_PTSG_04969	set
Pmar_XP_002787788	set
Cvar_EFN53212	set
Rfil_3735841_7s	set
Tpse_XP_002287611	set
Tpse_XP_002293273	set
Tpse_XP_002294128	set
Tpse_XP_002294102	set
Tpse_XP_002292274	set
Pmar_XP_002786443	set
Mpus_Micpu146864	set
Otau_XP_003078489	set
Smoe_XP_002987941	set
Smoe_XP_002994017	set
Atha_AT4G20130	set
Mgut_mgv1a005196m	set
Mgut_mgv1a024773m	set
Acoe_002_01301	set
Ppat_XP_001771149	set
Bdis_2g14720	set
Sbic_09g030160	set
Ptet_A0ECS5_A0ECS5	set
Ptet_A0DV50_A0DV50	set
Ptet_A0EI13_A0EI13	set
Bnat_91950	set
Tthe_XP_001015055	set
Ehux_99883	set
Tpse_XP_002287161	set
Lmaj_XP_001683376	set
Tcru_XP_816776	set
Tcru_XP_819478	set
Tpse_XP_002297128	set
Gthe_117107	set
Cvar_EFN58949	set
Crei_XP_001698886	set
Gthe_102686	set
Pyez_19832_g4888	set
Bsal_BS48790	set
Vcar_XP_002952881	set
Tpse_XP_002287224	set
Ccri_T00000804001	set
Crei_XP_001695318	set
Ptri_XP_002183255	set
Ptri_XP_002181881	set
Esil_CBJ26036	set
Mpus_Micpu186708	set
Crei_XP_001696458	set
Crei_XP_001698255	set
Vcar_XP_002952189	set
Cvar_EFN53459	set
Cpar_22282Contig37429	set
Otau_XP_003083454	set
Tcru_XP_809677	set
Tcru_XP_817814	set
Ppat_XP_001759585	set
Smoe_XP_002964620	set
Smoe_XP_002989522	set
Sbic_04g028760	set
Mgut_mgv1a005562m	set
Atha_AT1G24610	set
Acoe_091_00078	set
Bnat_70745	set
Bnat_77373	set
Vcar_XP_002955706	set
Crei_XP_001703025	set
Cvar_EFN51670	set
Pinf_XP_002908955	set
Spom_NP_593610_1	set
Tpse_XP_002286979	set
Bsal_BS36695	set
Aano_F0YBY0	set
Gthe_73393	set
Tpse_XP_002289165	set
Bnat_136247	set
Gpro_130154	set
Smoe_XP_002961120	set
Smoe_XP_002966891	set
Smoe_XP_002960831	set
Smoe_XP_002960830	set
Smoe_XP_002960832	set
Smoe_XP_002983976	set
Smoe_XP_002960159	set
Smoe_XP_002983839	set
Acoe_027_00195	set
Atha_AT3G55080	set
Mgut_mgv1a005857m	set
Smoe_XP_002967739	set
Smoe_XP_002992361	set
Ppat_XP_001774257	set
Ppat_XP_001783777	set
Smoe_XP_002974908	set
Smoe_XP_002988920	set
Smoe_XP_002989713	set
Smoe_XP_002991767	set
Esil_CBJ33334	set
Bden_Batde5_27333	set
Ptri_XP_002182379	set
Ptri_XP_002180352	set
Ptri_XP_002178424	set
Bnat_137864	set
Pmar_XP_002782260	set
Pmar_XP_002769782	set
Ddis_XP_647084	set
Ppal_EFA81400_1	set
Tcru_XP_819846	set
Lmaj_XP_001687015	set
Cowc_CAOG_02820	set
Bsal_BS14130	set
Umar_235646	set
Mcir_Mucci2_187976	set
Bnat_135435	set
Tpse_XP_002295747	set
Tpse_XP_002286796	set
Esil_CBN75653	set
Esil_CBN80336	set
Gthe_138732	set
Spom_NP_596799_2	set
Apar_comp20834_c2_seq1_fr5	set
Mver_08386	set
Rirr_36464	set
Rory_7153	set
Mcir_Mucci2_107056	set
Crev_41928	set
Rall_2313	set
Tthe_XP_001009809	set
Vcar_XP_002947984	set
Crei_XP_001690983	set
Pisp_69739	set
Acas_g754	set
Cowc_CAOG_00643	set
Bnat_129526	set
Cang_114976	set
Amac_13838	set
Amac_11375	set
Spun_SPPG_04331	set
Bden_Batde5_86633	set
Ptri_XP_002179507	set
Tpse_XP_002287062	set
Tpse_XP_002288295	set
Ptri_XP_002177222	set
Ehux_96595	set
Crei_XP_001694672	set
Vcar_XP_002952617	set
Ptri_XP_002186360	set
Ihof_871	set
Gthe_114060	set
Mbre_XP_001747639	set
Ttra_AMSG_04237	set
Apar_comp18566_c0_seq1_fr6	set
Mcir_Mucci2_108485	set
Umar_261166	set
Bnat_79704	set
Pisp_1176	set
Scer_SCRT_02936	set
Ccor_17587	set
Cvar_EFN55406	set
Bden_Batde5_87914	set
Otau_XP_003083827	set
Mpus_Micpu39853	set
Falb_H696_00372T0	set
Ppal_EFA82146_1	set
Aker_99331	set
Smoe_XP_002977945	set
Smoe_XP_002986909	set
Acoe_014_00106	set
Mgut_mgv1a005032m	set
Bdis_2g56792	set
Sbic_03g041640	set
Atha_AT3G56570	set
Cfra_3222T1	set
Cneo_XP_568860	set
Umar_246787	set
Mcir_Mucci2_106194	set
Rory_11187	set
Amac_13919	set
Cang_156814	set
Mver_06965	set
Rirr_156604	set
Umay_XP_759768	set
Cneo_XP_567975	set
Ccin_CC1G_03233	set
Fgra_FGSG_13489	set
Ncra_8714NCU09827	set
Spom_NP_594072_1	set
Scer_SCRT_00269	set
Mbre_XP_001748684	set
Cgig_10004098	set
Lgig_217400	set
Hsap_ENSP00000219315	set
Cint_ENSCINP00000020186	set
Aque_XP_003382977	set
Skow_XP_002731242	set
Scil_68011	set
Ocar_g5802_t1	set
Nvec_XP_001629819	set
Spur_XP_787519	set
Ctel_151537	set
Sros_PTSG_01368	set
Otau_XP_003079418	set
Mpus_Micpu197287	set
Crei_XP_001703371	set
Vcar_XP_002951655	set
Ptet_A0CEH6_A0CEH6	set
Ccin_CC1G_14673	set
Bnat_69405	set
Ptet_A0D226_A0D226	set
Ptet_A0D4G4_A0D4G4	set
Ptet_A0CG77_A0CG77	set
Ptet_A0BS83_A0BS83	set
Ptet_A0D167_A0D167	set
Amac_02309	set
Tpse_XP_002293161	set
Ehux_104231	set
Ehux_108977	set
Gthe_109909	set
Ppal_EFA82762_1	set
Ccri_T00006890001	set
Ddis_XP_637036	set
Aker_50153	set
Vcar_XP_002948672	set
Crei_XP_001696150	set
Ppat_XP_001763237	set
Smoe_XP_002991099	set
Smoe_XP_002991656	set
Acoe_002_01366	set
Atha_AT5G17240	set
Sbic_02g032970	set
Bdis_1g28267	set
Mpus_Micpu60905	set
Pmar_XP_002775574	set
Ppal_EFA76078_1	set
Mbre_XP_001745126	set
Cowc_CAOG_03170	set
Cfra_1641T1	set
Ddis_XP_646263	set
Lgig_118649	set
Nvec_XP_001633261	set
Ctel_181634	set
Ocar_g6160_t1	set
Cint_ENSCINP00000009807	set
Spur_XP_798530	set
Hsap_ENSP00000327436	set
Bnat_89596	set
Apar_comp23864_c1_seq1_fr6	set
Ihof_9696	set
Bden_Batde5_86177	set
Gpro_40672	set
Bnat_69062	set
Scil_45327	set
Gthe_112741	set
Gthe_104681	set
Mpus_Micpu55322	set
Otau_XP_003078319	set
Bnat_87612	set
Acas_g11639	set
Acas_g14733	set
Bnat_134142	set
Ncra_7717NCU08733	set
Rirr_12309	set
Ttra_AMSG_06270	set
Acas_g5159	set
Ppat_XP_001775739	set
Smoe_XP_002974033	set
Smoe_XP_002983459	set
Mpus_Micpu60109	set
Bnat_47055	set
Bnat_51539	set
Bnat_87809	set
Aano_F0YNA7	set
Ptri_XP_002183467	set
Tpse_XP_002295030	set
Ngad_00769	set
Aker_60871	set
Bnat_91120	set
Ptet_A0D0I4_A0D0I4	set
Ptet_A0DC90_A0DC90	set
Ptet_A0DHF9_A0DHF9	set
Tthe_XP_001008992	set
Tthe_XP_001009518	set
Tthe_XP_001021989	set
Rfil_24771_5c	set
Rfil_51688_4s1f1	set
Acas_g7267	set
Ncra_1923NCU02158	set
Fgra_FGSG_08862	set
Gthe_147375	set
Nspp_14963_fr5	set
Tmel_XP_002838074	set
Pinf_XP_002997928	set
Rall_5223	set
Spur_XP_001201449	set
Skow_XP_002737626	set
Ctel_140019	set
Lgig_210687	set
Nvec_XP_001625323	set
Hmag_XP_002160713	set
Hsap_ENSP00000329189	set
Ccor_86723	set
Scil_69782	set
Amac_05234	set
Cang_64968	set
Gthe_106158	set
Rirr_97053	set
Mver_10454	set
Pbla_Phybl2_161758	set
Mcir_Mucci2_183066	set
Rory_10421	set
Bden_Batde5_23340	set
Umar_225992	set
Apar_comp69060_c0_seq1_fr5	set
Ihof_3025	set
Cvar_EFN55457	set
Crev_10775	set
Mvib_comp9388_c0_seq1_fr4	set
Cint_ENSCINP00000020275	set
Tpse_XP_002286075	set
Ptri_XP_002185762	set
Mver_07617	set
Aano_F0XXC3	set
Cmer_CMN207C	set
Esil_CBJ29688	set
Pyez_44569_g9912	set
Ccri_T00006620001	set
Smoe_XP_002963244	set
Smoe_XP_002974548	set
Ppat_XP_001754252	set
Acoe_001_00751	set
Mgut_mgv1a004696m	set
Atha_AT3G07670	set
Sbic_04g029430	set
Bdis_3g56450	set
Mpus_Micpu122950	set
Otau_XP_003081307	set
Cvar_EFN51653	set
Vcar_XP_002949173	set
Crei_XP_001693751	set
Apar_comp15138_c0_seq1_fr6	set
Ihof_8776	set
Otau_XP_003082564	set
Sarc_SARC_00311	set
Bnat_90881	set
Smoe_XP_002965462	set
Smoe_XP_002993188	set
Ppat_XP_001754113	set
Cpar_7249Contig38650	set
Nspp_17674_fr6	set
Bsal_BS15900	set
Ptri_XP_002183265	set
Cvar_EFN58197	set
Bnat_142128	set
Vcar_XP_002947838	set
Gthe_134587	set
Atha_AT1G14030	set
Smoe_XP_002960727	set
Smoe_XP_002983944	set
Ppat_XP_001785817	set
Acoe_002_00689	set
Mgut_mgv1a005377m	set
Sbic_02g024510	set
Bdis_4g30040	set
Cele_Y92H12BR_6	set
Spom_NP_588349_1	set
Ngru_XP_002671481	set
Bsal_BS31705	set
Tcru_XP_805712	set
Tcru_XP_815053	set
Esil_CBJ30557	set
Scil_54307	set
Acas_g14290	set
Tpse_XP_002295884	set
Tpse_XP_002295028	set
Bsal_BS34450	set
Cpar_30297Contig7977	set
Gthe_108853	set
Sagg_87985	set
Aker_59574	set
Ddis_XP_636817	set
Ppal_EFA75028_1	set
Aker_58374	set
Ppal_EFA80143_1	set
Ddis_XP_647487	set
Pmar_XP_002785721	set
Pmar_XP_002765694	set
Ehux_111657	set
Ehux_242773	set
Ehux_220349	set
Otau_XP_003082984	set
Ppat_XP_001755464	set
Mpus_Micpu48831	set
Bsal_BS60515	set
Tcru_XP_817580	set
Tcru_XP_819082	set
Cowc_CAOG_01287	set
Bsal_BS12335	set
Tcru_XP_815384	set
Tcru_XP_811859	set
Gthe_120775	set
Lmaj_XP_001683158	set
Tcru_XP_820419	set
Tcru_XP_810880	set
Vcar_XP_002958609	set
Gthe_139093	set
Crei_XP_001695337	set
Ptri_XP_002182466	set
Cele_Y71H2AM_8	set
Ehux_107247	set
Ehux_242820	set
Crei_XP_001692007	set
Gthe_121141	set
Mpus_Micpu178115	set
Bsal_BS64390	set
Lmaj_XP_001682042	set
Bsal_BS32985	set
Tcru_XP_821804	set
Tcru_XP_805087	set
Rfil_3789974_4s1f1	set
Ehux_207150	set
Otau_XP_003083390	set
Lmaj_XP_001681314	set
Vcar_XP_002954057	set
Nspp_113_fr4	set
Nspp_113_fr1	set
Otau_XP_003080689	set
Ptri_XP_002181177	set
Tpse_XP_002295698	set
Ppal_EFA77024_1	set
Sarc_SARC_09048	set
Crei_XP_001701009	set
Crei_XP_001701010	set
Sros_PTSG_04361	set
Crei_XP_001701008	set
Smoe_XP_002990571	set
Smoe_XP_002983641	set
Tmel_XP_002836440	set
Cele_Y32F6A_1_1	set
Smoe_XP_002979745	set
Smoe_XP_002988390	set
Smoe_XP_002990338	set
Smoe_XP_002979364	set
Smoe_XP_002973763	set
Smoe_XP_002975811	set
Smoe_XP_002973616	set
Smoe_XP_002975639	set
Ncra_794NCU00870	set
Smoe_XP_002971811	set
Smoe_XP_002972331	set
Smoe_XP_002981230	set
Smoe_XP_002982699	set
Umay_XP_758014	set
Mpus_Micpu205714	set
Spun_SPPG_04074	set
Ccor_135587	set
Amac_03048	set
Rall_366	set
Mver_00240	set
Mcir_Mucci2_106871	set
Pbla_Phybl2_134258	set
Ccin_CC1G_05693	set
Pbla_Phybl2_108062	set
Rory_6165	set
Amac_03049	set
Amac_10326	set
Mcir_Mucci2_109312	set
Ppat_XP_001770248	set
Ppal_EFA83360_1	set
Otau_XP_003081858	set
Ppat_XP_001786289	set
Ppat_XP_001778358	set
Smoe_XP_002966366	set
Smoe_XP_002978194	set
Smoe_XP_002963144	set
Smoe_XP_002980178	set
Smoe_XP_002991840	set
Smoe_XP_002990851	set
Acoe_002_00665	set
Mgut_mgv1a019293m	set
Atha_AT1G26760	set
Scil_51071	set
Bdis_1g73790	set
Sbic_01g045950	set
Pmar_XP_002778734	set
Tgon_XP_002370918	set
Pfal_Q8IIL1_Q8IIL1	set
Ppal_EFA80047_1	set
Ehux_103292	set
Scer_SCRT_04921	set
Sagg_79832	set
Acas_g4936	set
Lmaj_XP_001681117	set
Gthe_120234	set
Aker_53277	set
Aker_57510	set
Tcru_XP_813739	set
Tcru_XP_819967	set
Mlei_ML16213a	set
Mlei_ML05941a	set
Mlei_ML13116a	set
Mlei_ML205611a	set
Mlei_ML22756a	set
Ptri_XP_002182999	set
Tpse_XP_002290198	set
Mpus_Micpu58542	set
Ehux_454711	set
Vcar_XP_002948967	set
Vcar_XP_002948876	set
Crei_XP_001693810	set
Sbic_01g010740	set
Bdis_1g11010	set
Ppat_XP_001778213	set
Smoe_XP_002981276	set
Smoe_XP_002969663	set
Acoe_082_00002	set
Mgut_mgv1a005471m	set
Mgut_mgv1a006005m	set
Mgut_mgv1a007180m	set
Atha_AT2G17900	set
Ehux_116679	set
Ehux_215475	set
Esil_CBJ31821	set
Cowc_CAOG_08663	set
Nspp_5246_fr2	set
Nspp_5247_fr1	set
Aker_60563	set
Tgon_XP_002367068	set
Smoe_XP_002962575	set
Smoe_XP_002993931	set
Cowc_CAOG_00050	set
Bsal_BS45760	set
Lmaj_XP_001686198	set
Acas_g7722	set
Scil_46955	set
Ehux_193798	set
Mpus_Micpu50143	set
Ncra_2647NCU02962	set
Dmel_FBpp0087091	set
Ppal_EFA86539_1	set
Ddis_XP_629340	set
Ehux_367482	set
Ehux_434670	set
Apar_comp4722_c0_seq1_fr4	set
Acas_g4900	set
Cele_W01C8_4b	set
Cang_63048	set
Amac_06340	set
Rfil_3803193_1s1f1	set
Cang_123406	set
Aano_F0Y597	set
Methanofollis_liminatans_490138677_1	set
Aano_F0YCX0	set
Rall_5391	set
Mver_09038	set
Pbla_Phybl2_8439	set
Mcir_Mucci2_113296	set
Rory_11090	set
Spom_NP_588361_1	set
Umar_257941	set
Ppat_XP_001754318	set
Umay_XP_756905	set
Ccin_CC1G_07120	set
Bsal_BS29950	set
Aker_27813	set
Apar_comp19133_c0_seq1_fr5	set
Ihof_6020	set
Methanosarcina_mazei_499345213_19_11	set
Methanosarcina_barkeri_499626817_12_	set
Methanosarcina_acetivorans_499331191	set
Ctel_101446	set
Methanoculleus_marisnigri_500169079_	set
Fgra_FGSG_01400	set
Ncra_1859NCU02088	set
Mpus_Micpu209945	set
Gthe_120372	set
Ehux_228606	set
Ehux_207807	set
Tgon_XP_002371618	set
Gthe_104225	set
Acas_g9771	set
Bnat_135991	set
Cfra_3630T1	set
Ptri_XP_002179146	set
Mpus_Micpu155043	set
Ncra_7768NCU08790	set
Mvib_comp8761_c1_seq1_fr5	set
Nspp_5347_fr6	set
Bnat_131745	set
Tgon_XP_002368273	set
Ddis_XP_647409	set
Sros_PTSG_01403	set
Mbre_XP_001749562	set
Ppat_XP_001772391	set
Vcar_XP_002956564	set
Bsal_BS83695	set
Ehux_204100	set
Pinf_XP_002901357	set
Mlei_ML003211a	set
Lmaj_XP_001683692	set
Mpus_Micpu59996	set
Gthe_109934	set
Sros_PTSG_06018	set
Cpar_15254Contig9229	set
Mpus_Micpu52497	set
Esil_CBJ49061	set
Vcar_XP_002950044	set
Esil_CBJ30401	set
Bsal_BS30470	set
Gthe_141117	set
Sarc_SARC_10794	set
Dmel_FBpp0086127	set
Dmel_FBpp0074807	set
Cpar_6433Contig37665	set
Rory_14281	set
Bsal_BS15675	set
Gthe_115058	set
Bsal_BS38715	set
Bsal_BS38710	set
Nspp_11131_fr3	set
Bsal_BS66035	set
Cang_345912	set
Clim_g4632	set
Ngad_06548	set
Ccin_CC1G_07286	set
Ddis_XP_646203	set
Cele_C07A9_7a	set
Nspp_9529_fr1	set
Gpro_156978	set
Bden_Batde5_90401	set
Umar_257427	set
Pbla_Phybl2_182546	set
Mcir_Mucci2_106522	set
Rory_3197	set
Spun_SPPG_04849	set
Pfal_Q8IDE8_Q8IDE8	set
Acas_g7538	set
Acas_g4479	set
Ehux_449623	set
Ddis_XP_002649106	set
Pmar_XP_002771602	set
Crev_44617	set
Cvar_EFN52201	set
Mvib_comp11698_c0_seq1_fr6	set
Sros_PTSG_06889	set
Tgon_XP_002365375	set
Mbre_XP_001746892	set
Esil_CBN74163	set
Lmaj_XP_001683417	set
Tcru_XP_808430	set
Tcru_XP_807159	set
Pmar_XP_002780642	set
Otau_XP_003078978	set
Tcru_XP_821025	set
Tcru_XP_811494	set
Sarc_SARC_01991	set
Clim_g3916	set
Amac_09124	set
Mpus_Micpu192562	set
Esil_CBN79949	set
Gpro_53695	set
Aker_45975	set
Cvar_EFN53133	set
Vcar_XP_002956692	set
Crei_XP_001689919	set
Ehux_120890	set
Ehux_452240	set
Clim_g5415	set
Acas_g7878	set
Cgig_10012735	set
Ctel_118237	set
Pmar_XP_002786654	set
Lgig_143433	set
Adig_6000v123107	set
Hmag_XP_002159692	set
Ctel_90747	set
Skow_XP_002740933	set
Candidatus_Micrarchaeum_acidiphilum_	set
Cowc_CAOG_04094	set
Ocar_g9404_t1	set
Skow_XP_002733823	set
Spur_XP_001181205	set
Spur_XP_781331	set
Ddis_XP_629223	set
Ppal_EFA81042_1	set
Cpar_27811Contig55046	set
Hsap_ENSP00000304360	set
Dmel_FBpp0087625	set
Hmag_XP_002160254	set
Ctel_197951	set
Mlei_ML368810a	set
Lgig_169490	set
Acas_g2212	set
Ddis_XP_638717	set
Dmel_FBpp0085358	set
Bsal_BS06595	set
Aker_54125	set
Gthe_138770	set
Pinf_XP_002901710	set
Esil_CBN75038	set
Ngru_XP_002670329	set
Tcru_XP_802331	set
Ppal_EFA80942_1	set
Acas_g5076	set
Ddis_XP_629629	set
Cang_50545	set
Cang_73015	set
Rall_1996	set
Ehis_175_m00101	set
Ehis_293_m00061	set
Ehis_32_m00242	set
Cpar_18258Contig14362	set
Vcar_XP_002958423	set
Ihof_7581	set
Apar_comp13957_c2_seq1_fr5	set
Nvec_XP_001627273	set
Cint_ENSCINP00000026472	set
Scil_46411	set
Bden_Batde5_87992	set
Crei_XP_001700164	set
Vcar_XP_002949210	set
Vcar_XP_002956736	set
Mbre_XP_001745265	set
Mgut_mgv1a002206m	set
Bdis_3g30360	set
Cvar_EFN59915	set
Ppat_XP_001754073	set
Atha_AT1G33400	set
Crei_XP_001689685	set
Vcar_XP_002953997	set
Otau_XP_003079708	set
Bnat_71449	set
Gpro_296781	set
Cpar_29282Contig7038	set
Mpus_Micpu192522	set
Ptri_XP_002182882	set
Pmar_XP_002768910	set
Pmar_XP_002777347	set
Aano_F0YD82	set
Vcar_XP_002950612	set
Mpus_Micpu58974	set
Sarc_SARC_05902	set
Mpus_Micpu152724	set
Cint_ENSCINP00000004219	set
Mbre_XP_001749762	set
Ptri_XP_002185512	set
Tpse_XP_002294212	set
Fgra_FGSG_00040	set
Fgra_FGSG_04651	set
Fgra_FGSG_01168	set
Spun_SPPG_03824	set
Gthe_136248	set
Tcru_XP_807434	set
Mgut_mgv1a010398m	set
Atha_AT5G06620	set
Sbic_01g022220	set
Acoe_004_00718	set
Rirr_342860	set
Rirr_344831	set
Bden_Batde5_35411	set
Mvib_comp9007_c1_seq1_fr4	set
Sagg_84574	set
Ehux_194541	set
Spur_XP_003730587	set
Spur_XP_001199204	set
Spur_XP_003730778	set
Spur_XP_799878	set
Tpse_XP_002292103	set
Spur_XP_788278	set
Spur_XP_003731708	set
Mver_02594	set
Lmaj_XP_001685790	set
Umay_XP_759888	set
Ddis_XP_641994	set
Ppal_EFA83075_1	set
Pmar_XP_002781574	set
Pmar_XP_002772010	set
Hsap_ENSP00000355924	set
Hsap_ENSP00000373637	set
Hsap_ENSP00000393453	set
Tadh_XP_002109888	set
Adig_18862v114854	set
Nvec_XP_001627600	set
Cint_ENSCINP00000013431	set
Hmag_XP_002163555	set
Cfra_1127T1	set
Spur_XP_003728116	set
Bsal_BS43455	set
Umar_278813	set
Esil_CBJ32293	set
Aker_49446	set
Sarc_SARC_00798	set
Bsal_BS60255	set
Fgra_FGSG_11277	set
Fgra_FGSG_11267	set
Mpus_Micpu59628	set
Ccin_CC1G_02952	set
Cpar_17438Contig12482	set
Aker_52254	set
Gthe_134519	set
Ncra_8418NCU09495	set
Spom_NP_588413_1	set
Fgra_FGSG_12802	set
Mlei_ML167015a	set
Sarc_SARC_12000	set
Pisp_2064	set
Ncra_269NCU00296	set
Ccin_CC1G_04515	set
Ppal_EFA80204_1	set
Otau_XP_003079483	set
Aano_F0XYZ2	set
Pyez_35808_g8561	set
Sarc_SARC_13768	set
Umar_226245	set
Rirr_210128	set
Smoe_XP_002970505	set
Atha_AT1G43245	set
Mgut_mgv1a023205m	set
Bdis_5g10050	set
Sbic_06g016550	set
Amac_06039	set
Amac_09338	set
Rirr_345445	set
Rirr_1590	set
Rirr_323896	set
Rirr_8856	set
Rirr_324218	set
Rirr_33049	set
Rirr_84100	set
Rirr_323213	set
Rirr_89547	set
Rirr_98806	set
Rirr_16582	set
Cowc_CAOG_04513	set
Ccor_71261	set
Gpro_66573	set
Umar_250739	set
Pbla_Phybl2_188395	set
Mver_05382	set
Rfil_3780083_1s1f1	set
Cfra_2578T1	set
Spun_SPPG_00148	set
Gthe_99101	set
Nspp_17480_fr3	set
Scil_69355	set
Gthe_150215	set
Bnat_90901	set
Hsap_ENSP00000274031	set
Tadh_XP_002112735	set
Ihof_5851	set
Apar_comp12770_c0_seq1_fr4	set
Ppal_EFA77773_1	set
Ddis_XP_636856	set
Sarc_SARC_15066	set
Pisp_69677	set
Pisp_68567	set
Cang_28328	set
Amac_01030	set
Amac_02546	set
Adig_2067v103430	set
Adig_2065v103432	set
Nvec_XP_001638198	set
Skow_NP_001161634	set
Hsap_ENSP00000384725	set
Adig_2069v103431	set
Adig_2070v103434	set
Esil_CBN80451	set
Nvec_XP_001640186	set
Nvec_XP_001630857	set
Nvec_XP_001630839	set
Cgig_10027610	set
Nvec_XP_001634375	set
Adig_2066v103428	set
Cgig_10013102	set
Scil_95376	set
Scil_48982	set
Cgig_10016009	set
Adig_17948v114072	set
Adig_3112v120858	set
Nvec_XP_001641018	set
Spur_XP_001200656	set
Spur_XP_003724787	set
Mlei_ML124240a	set
Hsap_ENSP00000358092	set
Lgig_114994	set
Skow_XP_002737396	set
Cgig_10001616	set
Ctel_103287	set
Lgig_169169	set
Skow_XP_002739286	set
Hsap_ENSP00000276594	set
Hsap_ENSP00000235372	set
Hmag_XP_002154805	set
Adig_5324v122563	set
Adig_17466v101523	set
Adig_23202v118285	set
Lgig_156439	set
Ctel_75757	set
Ctel_202965	set
Spur_XP_792487	set
Spur_XP_799022	set
Cint_ENSCINP00000000048	set
Aque_XP_003387382	set
Nvec_XP_001630482	set
Scil_70867	set
Scil_90070	set
Scil_67802	set
Scil_67503	set
Scil_89977	set
Scil_70624	set
Spur_XP_790201	set
Nvec_XP_001628558	set
Adig_2550v120377	set
Tadh_XP_002109980	set
Aque_XP_003387259	set
Ocar_g8397_t1	set
Lgig_153726	set
Cneo_XP_572264	set
Cele_F02D10_7	set
Ehux_205579	set
Ehux_250053	set
Esil_CBJ30403	set
Ctel_183922	set
Ppal_EFA76050_1	set
Pmar_XP_002776582	set
Pmar_XP_002784695	set
Pmar_XP_002766618	set
Pmar_XP_002765502	set
Cowc_CAOG_01403	set
Ihof_9158	set
Apar_comp18210_c0_seq1_fr4	set
Mbre_XP_001745025	set
Acas_g2756	set
Mpus_Micpu156466	set
Crev_80574	set
Mcir_Mucci2_112353	set
Rory_4950	set
Apar_comp14767_c0_seq1_fr6	set
Pbla_Phybl2_189332	set
Cneo_XP_569679	set
Sarc_SARC_14637	set
Cfra_1743T1	set
Ddis_XP_636699	set
Spom_NP_596514_1	set
Acas_g4318	set
Ppal_EFA82935_1	set
Ccin_CC1G_04780	set
Sagg_38208	set
Tcru_XP_820332	set
Pmar_XP_002773875	set
Pisp_16258	set
Mver_04558	set
Rirr_5517	set
Umar_222446	set
Tcru_XP_805685	set
Tcru_XP_819867	set
Ncra_8877NCU10039	set
Pmar_XP_002765240	set
Gthe_143201	set
Ptri_XP_002178104	set
Tmel_XP_002841392	set
Rfil_98732_6cf1	set
Pinf_XP_002908311	set
Mlei_ML064936a	set
Scil_16111	set
Tgon_XP_002366807	set
Tcru_XP_819332	set
Lmaj_XP_001683686	set
Mbre_XP_001749926	set
Bnat_66820	set
Ccin_CC1G_15023	set
Gthe_100566	set
Gpro_135736	set
Ehux_227470	set
Crei_XP_001694205	set
Vcar_XP_002954435	set
Ptri_XP_002177555	set
Cfra_1843T1	set
Sarc_SARC_05171	set
Acas_g11782	set
Cint_ENSCINP00000006865	set
Mvib_comp7241_c1_seq1_fr4	set
Ppat_XP_001758194	set
Smoe_XP_002960348	set
Smoe_XP_002967367	set
Cpar_16679Contig11180	set
Ngad_05719	set
Vcar_XP_002950723	set
Nspp_10039_fr6	set
Nspp_10040_fr4	set
Falb_H696_05585T0	set
Bsal_BS55385	set
Lmaj_XP_001683414	set
Tcru_XP_807160	set
Tcru_XP_811771	set
Ppal_EFA76267_1	set
Falb_H696_03132T0	set
Ddis_XP_639077	set
Ddis_XP_644839	set
Ddis_XP_644838	set
Ddis_XP_001733058	set
Bsal_BS10175	set
Ppal_EFA82595_1	set
Falb_H696_04941T0	set
Cgig_10027102	set
Spun_SPPG_08305	set
Nspp_9865_fr2	set
Cowc_CAOG_03053	set
Gthe_108453	set
Pmar_XP_002765366	set
Pmar_XP_002769534	set
Ihof_4965	set
Apar_comp21560_c1_seq2_fr4	set
Bden_Batde5_88226	set
Lmaj_XP_003721822	set
Bsal_BS12885	set
Tcru_XP_805550	set
Tcru_XP_814949	set
Bsal_BS64460	set
Acas_g11306	set
Fgra_FGSG_03752	set
Umar_252023	set
Crev_44170	set
Ptri_XP_002184309	set
Acas_g12889	set
Sarc_SARC_00510	set
Rirr_340241	set
Ddis_XP_629856	set
Gthe_121938	set
Smoe_XP_002970670	set
Ppat_XP_001779453	set
Atha_AT2G19640	set
Mgut_mgv1a008254m	set
Acoe_024_00050	set
Bdis_3g17710	set
Sbic_07g005870	set
Pinf_XP_002894963	set
Pinf_XP_002900537	set
Vcar_XP_002949278	set
Cvar_EFN53641	set
Ccin_CC1G_11459	set
Ccin_CC1G_03976	set
Ccin_CC1G_03986	set
Ccin_CC1G_07521	set
Ccin_CC1G_07522	set
Esil_CBJ31723	set
Ccin_CC1G_15570	set
Ccin_CC1G_11463	set
Sagg_93319	set
Mlei_ML12425a	set
Pinf_XP_002998487	set
Cfra_5926T1	set
Sarc_SARC_01700	set
Mpus_Micpu58454	set
Mbre_XP_001748272	set
Gthe_164767	set
Spun_SPPG_00764	set
Apar_comp17667_c0_seq1_fr5	set
Ihof_8584	set
Cowc_CAOG_03954	set
Smoe_XP_002961588	set
Smoe_XP_002971004	set
Smoe_XP_002962082	set
Smoe_XP_002962081	set
Smoe_XP_002971005	set
Fgra_FGSG_03833	set
Cpar_23305Contig38514	set
Ddis_XP_647677	set
Fgra_FGSG_07032	set
Apar_comp13703_c0_seq1_fr5	set
Pfal_Q8I352_Q8I352	set
Ccor_74124	set
Ttra_AMSG_10069	set
Ngru_XP_002671048	set
Tcru_XP_811365	set
Tcru_XP_819619	set
Lmaj_XP_001680872	set
Bsal_BS47385	set
Cvar_EFN56428	set
Crei_XP_001703683	set
Rirr_345750	set
Tpse_XP_002296687	set
Ngru_XP_002681273	set
Gthe_148776	set
Umay_XP_758615	set
Apar_comp18491_c0_seq1_fr5	set
Cneo_XP_569210	set
Ccin_CC1G_05287	set
Tcru_XP_821968	set
Tcru_XP_815712	set
Nspp_11197_fr2	set
Bsal_BS57140	set
Lmaj_XP_001681739	set
Ehux_448796	set
Ehux_449359	set
Mpus_Micpu57921	set
Tcru_XP_810972	set
Tcru_XP_822054	set
Lmaj_XP_001683140	set
Dmel_FBpp0075717	set
Apar_comp22662_c0_seq1_fr6	set
Gpro_135584	set
Ddis_XP_635865	set
Ppal_EFA84886_1	set
Acas_g1251	set
Ccor_78081	set
Cowc_CAOG_03801	set
Apar_comp19575_c0_seq1_fr6	set
Ihof_3148	set
Amac_04388	set
Rirr_72238	set
Umar_220360	set
Mver_00548	set
Gpro_54135	set
Mver_03338	set
Spun_SPPG_03192	set
Acas_g3116	set
Mver_07358	set
Pbla_Phybl2_98969	set
Rory_16826	set
Mcir_Mucci2_142882	set
Umar_191570	set
Cgig_10010761	set
Lgig_160845	set
Lgig_232186	set
Cgig_10010760	set
Bdis_5g22730	set
Sbic_06g029440	set
Acoe_005_00445	set
Atha_AT3G21820	set
Bsal_BS55355	set
Otau_XP_003083145	set
Mpus_Micpu20125	set
Mgut_mgv1a005946m	set
Smoe_XP_002966643	set
Smoe_XP_002978099	set
Ppat_XP_001759368	set
Cvar_EFN50876	set
Acas_g1616	set
Spur_XP_784346	set
Tadh_XP_002114620	set
Cowc_CAOG_07464	set
Dmel_FBpp0083507	set
Scil_51718	set
Skow_XP_002735533	set
Hsap_ENSP00000374152	set
Nvec_XP_001627062	set
Ctel_159764	set
Cgig_10009476	set
Adig_9231v106136	set
Hmag_XP_002160911	set
Ihof_6005	set
Lgig_231752	set
Amac_01567	set
Amac_04063	set
Cang_44709	set
Nspp_10623_fr6	set
Nspp_10625_fr4	set
Nspp_10626_fr4	set
Nspp_10624_fr6	set
Sros_PTSG_08216	set
Cfra_1710T1	set
Ihof_7302	set
Pmar_XP_002778246	set
Pmar_XP_002770949	set
Apar_comp22796_c1_seq1_fr5	set
Acas_g8002	set
Aker_56423	set
Apar_comp13070_c1_seq1_fr6	set
Ptri_XP_002176313	set
Bnat_76140	set
Lmaj_XP_001682529	set
Tcru_XP_815256	set
Tcru_XP_819951	set
Cfra_4843T1	set
Sarc_SARC_01035	set
Ehux_223194	set
Bnat_68204	set
Ehis_357_m00040	set
Ttra_AMSG_10303	set
Sarc_SARC_10855	set
Cfra_2216T1	set
Mver_00444	set
Acas_g9677	set
Esil_CBN78619	set
Ehux_235309	set
Ehux_211778	set
Glam_XP_001705534	set
Aano_F0XZE1	set
Aano_F0XYZ4	set
Aker_62099	set
Mpus_Micpu183344	set
Tgon_XP_002364398	set
Bsal_BS24245	set
Tcru_XP_813290	set
Tcru_XP_810100	set
Lmaj_XP_003722631	set
Sros_PTSG_12820	set
Cvar_EFN57733	set
Sarc_SARC_07640	set
Cfra_6909T1	set
Gthe_102184	set
Acas_g11510	set
Cpar_7835Contig39496	set
Gthe_166263	set
Tpse_XP_002291548	set
Gthe_92079	set
Pinf_XP_002896918	set
Esil_CBJ33015	set
Otau_XP_003082109	set
Falb_H696_02995T0	set
Aker_61735	set
Bnat_91652	set
Bnat_79440	set
Tgon_XP_002369144	set
Bnat_91178	set
Sagg_28859	set
Bnat_69864	set
Tthe_XP_001019150	set
Ptet_A0BXH7_A0BXH7	set
Ptet_A0C830_A0C830	set
Tpse_XP_002293206	set
Atha_AT5G24330	set
Bdis_3g02220	set
Sbic_04g001900	set
Acoe_013_00049	set
Sbic_03g046950	set
Mgut_mgv1a024041m	set
Mgut_mgv11b021588m	set
Mgut_mgv1a025560m	set
Mgut_mgv1a024362m	set
Mgut_mgv1a023273m	set
Mgut_mgv1a026305m	set
Ppat_XP_001784397	set
Smoe_XP_002968131	set
Bdis_2g61717	set
Atha_AT5G09790	set
Acoe_014_00396	set
Mgut_mgv1a009128m	set
Acas_g413	set
Falb_H696_00716T0	set
Cmer_CMG025C	set
Pyez_40134_g9249	set
Ccri_T00001983001	set
Ttra_AMSG_09203	set
Rirr_66612	set
Crei_XP_001702027	set
Vcar_XP_002954958	set
Apar_comp23409_c1_seq1_fr4	set
Ihof_383	set
Scil_54447	set
Ocar_g9304_t1	set
Nvec_XP_001636609	set
Hmag_XP_002161122	set
Rfil_3789713_2s	set
Smoe_XP_002963921	set
Smoe_XP_002962407	set
Smoe_XP_002965618	set
Acoe_017_00002	set
Mgut_mgv1a023175m	set
Atha_AT5G42400	set
Sbic_08g002530	set
Bdis_4g01790	set
Ppat_XP_001768289	set
Ppat_XP_001771062	set
Cele_C26E6_9c	set
Aque_XP_003385238	set
Acas_g11544	set
Ctel_150651	set
Apar_comp26195_c0_seq1_fr6	set
Ihof_9721	set
Ihof_3741	set
Sros_PTSG_11893	set
Mvib_comp3625_c0_seq1_fr6	set
Dmel_FBpp0112592	set
Cint_ENSCINP00000011316	set
Spur_XP_003727587	set
Hsap_ENSP00000267197	set
Hsap_ENSP00000262519	set
Lgig_138486	set
Cgig_10017490	set
Mlei_ML056953a	set
Tadh_XP_002117297	set
Acas_g15151	set
Lgig_175490	set
Lgig_175732	set
Cneo_XP_570558	set
Ccin_CC1G_15535	set
Ngad_00849_01	set
Nspp_552_fr5	set
Ddis_XP_636258	set
Crev_25774	set
Ppal_EFA75361_1	set
Pisp_26066	set
Mver_03320	set
Ncra_1100NCU01206	set
Scer_SCRT_04833	set
Tmel_XP_002840838	set
Fgra_FGSG_07445	set
Spom_NP_587812_1	set
Spun_SPPG_04443	set
Umar_174815	set
Pbla_Phybl2_20422	set
Pbla_Phybl2_34196	set
Rory_11085	set
Ehux_206556	set
Mcir_Mucci2_137855	set
Rory_5510	set
Lmaj_XP_001684837	set
Ptri_XP_002184116	set
Ptri_XP_002184115	set
Aano_F0YDE7	set
Ehux_311470	set
Esil_CBN74374	set
Umay_XP_758824	set
Cowc_CAOG_03580	set
Ehux_70530	set
Mbre_XP_001748661	set
Ccor_82240	set
Bden_Batde5_35515	set
Gpro_96002	set
Rall_5515	set
Cfra_6039T1	set
Sarc_SARC_05279	set
Amac_13344	set
Amac_13595	set
Cang_102567	set
Clim_g610	set
Ngru_XP_002683109	set
Glam_XP_001708058	set
Pinf_XP_002905874	set
Pinf_XP_002895674	set
Cgig_10001890	set
Tgon_XP_002366334	set
Ccor_69947	set
Tvag_XP_001584257	set
Pfal_C6KTD2_HKNMT	set
Cpar_29058Contig6840	set
Bdis_4g37627	set
Sbic_02g032470	set
Acoe_016_00095	set
Ppat_XP_001756249	set
Ppat_XP_001766471	set
Ppat_XP_001758752	set
Bnat_37368	set
Bdis_3g13430	set
Nspp_18097_fr5	set
Cint_ENSCINP00000003156	set
Adig_1072v119182	set
Nvec_XP_001629652	set
Skow_XP_002736118	set
Cowc_CAOG_01362	set
Dmel_FBpp0070347	set
Ctel_153177	set
Cgig_10022561	set
Lgig_215812	set
Gpro_66054	set
Clim_g3288	set
Scil_6054	set
Hsap_ENSP00000301067	set
Spur_XP_795757	set
Spur_XP_003724176	set
Spur_XP_003724175	set
Hsap_ENSP00000347325	set
Tadh_XP_002117983	set
Hmag_XP_002169286	set
Mlei_ML015714a	set
Cele_T12D8_1	set
Ccri_T00005548001	set
Sagg_21866	set
Tpse_XP_002291362	set
Ptri_XP_002181282	set
Esil_CBN75119	set
Mpus_Micpu21435	set
Cvar_EFN53400	set
Vcar_XP_002947900	set
Crei_XP_001703016	set
Otau_XP_003078017	set
Bdis_2g45430	set
Atha_AT4G27910	set
Smoe_XP_002964071	set
Smoe_XP_002975450	set
Smoe_XP_002980880	set
Smoe_XP_002961390	set
Ppat_XP_001777592	set
Atha_AT3G61740	set
Acoe_021_00020	set
Atha_AT5G53430	set
Mgut_mgv1a000575m	set
Acoe_037_00166	set
Sbic_03g029850	set
Acoe_013_00096	set
Bdis_2g07082	set
Sbic_03g001640	set
Cmer_CMD005C	set
Mvib_comp12897_c0_seq1_fr5	set
Pmar_XP_002765683	set
Pmar_XP_002785717	set
Gthe_78620	set
Acas_g6446	set
Ttra_AMSG_03613	set
Rall_3554	set
Ptet_A0D3D7_A0D3D7	set
Tthe_XP_001029767	set
Ncra_889NCU00970	set
Ctel_112305_2	set
Hmag_XP_002170435	set
Cgig_10007233	set
Spur_XP_003731178	set
Spur_XP_003725758	set
Hmag_XP_002166795	set
Hmag_XP_002164363	set
Hmag_XP_002168824	set
Hmag_XP_002155522	set
Ctel_195572	set
Ctel_210805	set
Cgig_10003128	set
Cgig_10000979	set
Spur_XP_003730416	set
Cgig_10022534	set
Cgig_10001891	set
Cgig_10003511	set
Ocar_g7553_t1	set
Pfal_Q8I1Z0_Q8I1Z0	set
Tgon_XP_002371298	set
Mlei_ML024912a	set
Nvec_XP_001629745	set
Ctel_172225	set
Cint_ENSCINP00000025690	set
Dmel_FBpp0082387	set
Lgig_117025	set
Spur_XP_797080	set
Cgig_10016754	set
Hsap_ENSP00000332995	set
Hmag_XP_002154569	set
Hmag_XP_002158221	set
Tadh_XP_002114992	set
Clim_g3130	set
Ppal_EFA79695_1	set
Cele_T26A5_7a	set
Ctel_214008	set
Ctel_49838	set
Skow_XP_002737721	set
Tpse_XP_002295207	set
Ihof_7590	set
Apar_comp22257_c0_seq1_fr4	set
Scil_63960	set
Cpar_24798Contig41234	set
Ehux_233107	set
Cpar_20263Contig25695	set
Cpar_12930Contig6860	set
Sros_PTSG_09393	set
Mbre_XP_001744129	set
Mvib_comp6636_c1_seq1_fr4	set
Clim_g757	set
Cfra_1842T1	set
Cowc_CAOG_07681	set
Sarc_SARC_03923	set
Cgig_10021314	set
Mlei_ML19101a	set
Aque_XP_003387132	set
Spur_XP_003728212	set
Spur_XP_001198325	set
Sros_PTSG_12693	set
Gthe_75734	set
Cvar_EFN53930	set
Vcar_XP_002956071	set
Crei_XP_001693149	set
Bdis_4g08510	set
Mgut_mgv1a000532m	set
Atha_AT1G05830	set
Atha_AT2G31650	set
Smoe_XP_002992195	set
Smoe_XP_002982095	set
Sbic_02g016820	set
Acoe_058_00150	set
Ppat_XP_001766115	set
Ppat_XP_001767466	set
Ppat_XP_001780587	set
Smoe_XP_002974368	set
Smoe_XP_002975241	set
Acas_g11528	set
Acas_g2013	set
Apar_comp16066_c0_seq1_fr6	set
Cfra_2688T1	set
Sarc_SARC_04312	set
Ihof_1761	set
Mbre_XP_001747654	set
Skow_XP_002740398	set
Ctel_179499	set
Cint_ENSCINP00000025384	set
Tadh_XP_002112190	set
Aque_XP_003389474	set
Dmel_FBpp0082406	set
Hsap_ENSP00000436786	set
Cgig_10008103	set
Lgig_209271	set
Ocar_g10414_t1	set
Mlei_ML41301a	set
Pyez_28201_g6931	set
Sros_PTSG_07559	set
Adig_278v118577	set
Nvec_XP_001622958	set
Nvec_XP_001623359	set
Hmag_XP_002161520	set
Scil_30598	set
Hsap_ENSP00000222270	set
Mvib_comp12474_c0_seq1_fr5	set
Gthe_66907	set
Bden_Batde5_8511	set
Ctel_228696	set
Clim_g4811	set
Cfra_7019T1	set
Ihof_10267	set
Apar_comp16015_c3_seq1_fr4	set
Dmel_FBpp0070146	set
Lgig_116803	set
Hsap_ENSP00000305899	set
Spur_XP_800216	set
Skow_XP_002732220	set
Cgig_10007764	set
Cele_C32D5_5	set
Cint_ENSCINP00000001120	set
Hsap_ENSP00000255613	set
Tadh_XP_002115573	set
Mlei_ML02412a	set
Ocar_g3228_t1	set
Nvec_XP_001634769	set
Hmag_XP_002166241	set
Cowc_CAOG_02948	set
Sros_PTSG_09637	set
Ccin_CC1G_11834	set
Gpro_132992	set
Umay_XP_756690	set
Mver_08497	set
Spom_NP_588078_1	set
Nspp_13715_fr4	set
Falb_H696_04933T0	set
Crev_43176	set
Spun_SPPG_04024	set
Mcir_Mucci2_150356	set
Pbla_Phybl2_112008	set
Umar_223368	set
Rory_16697	set
Cang_122703	set
Amac_11412	set
Amac_13870	set
Pisp_49244	set
Mcir_Mucci2_135209	set
Cang_122643	set
Cang_125152	set
Rory_2737	set
Rory_5415	set
Rall_3287	set
Ccor_10342	set
Tmel_XP_002839141	set
Fgra_FGSG_06529	set
Ncra_7565NCU08551	set
Apar_comp20464_c0_seq1_fr6	set
Nspp_14168_fr5	set
Rfil_92400_1cf1	set
Cang_107102	set
Amac_15452	set
Amac_06505	set
Esil_CBJ49018	set
Esil_CBJ48999	set
Mpus_Micpu57043	set
Pinf_XP_002907066	set
Ccri_T00003237001	set
Pyez_31104_g7601	set
Tvag_XP_001581581	set
Ngru_XP_002678629	set
Fgra_FGSG_00899	set
Ncra_6617NCU07496	set
Tgon_XP_002371500	set
Clim_g2752	set
Mver_03357	set
Aker_101000	set
Cpar_713Contig10998	set
Ehux_218460	set
Cang_150051	set
Umar_244349	set
Rory_6679	set
Mcir_Mucci2_142530	set
Pbla_Phybl2_171920	set
Bnat_136948	set
Bnat_144574	set
Bden_Batde5_22093	set
Rfil_3729028_5s1f1	set
Ncra_4300NCU04825	set
Umay_XP_760304	set
Ccor_56944	set
Ttra_AMSG_09360	set
Cmer_CMQ156C	set
Scil_111041	set
Scil_108301	set
Pyez_42793_g9647	set
Pyez_46867_g10259	set
Ccin_CC1G_14984	set
Tthe_XP_001017546	set
Pinf_XP_002899451	set
Sarc_SARC_14258	set
Rfil_3757546_5s1f1	set
Rfil_27068_8c	set
Rfil_3385791_2s	set
Gthe_139254	set
Esil_CBJ26466	set
Pisp_20568	set
Pisp_9162	set
Rirr_342509	set
Cneo_XP_567801	set
Cpar_2580Contig15015	set
Pinf_XP_002899517	set
Pinf_XP_002899518	set
Ecun_XP_955728	set
Ccri_T00007370001	set
Ccri_T00007373001	set
Ccri_T00007377001	set
Tthe_XP_001022224	set
Tthe_XP_001024559	set
Ehux_363356	set
Cang_129315	set
Amac_02871	set
Ptet_A0CF66_A0CF66	set
Ptet_A0BWW9_A0BWW9	set
Clim_g5068	set
Ehux_202082	set
Aano_F0XWV4	set
Ehux_47083	set
Ehux_57610	set
Bnat_78102	set
Sros_PTSG_12482	set
Mbre_XP_001742056	set
Tadh_XP_002110982	set
Hsap_ENSP00000320147	set
Cgig_10023111	set
Aque_XP_003390508	set
Dmel_FBpp0076008	set
Lgig_200654	set
Hsap_ENSP00000264646	set
Ccri_T00007737001	set
Tmel_XP_002841864	set
Rirr_345734	set
Aano_F0XVI4	set
Pinf_XP_002900788	set
Pinf_XP_002902603	set
Atha_AT1G02580	set
Mpus_Micpu59369	set
Atha_AT2G23380	set
Sbic_10g004560	set
Smoe_XP_002980071	set
Smoe_XP_002994616	set
Smoe_XP_002987466	set
Mgut_mgv1a001364m	set
Ppat_XP_001768188	set
Bdis_1g48340	set
Acoe_015_00009	set
Mgut_mgv1a002769m	set
Bdis_1g64460	set
Sbic_01g037450	set
Acoe_003_00541	set
Atha_AT4G02020	set
Vcar_XP_002958368	set
Cvar_EFN54582	set
Otau_XP_003082958	set
Rall_1005	set
Ocar_g575_t1	set
Cint_ENSCINP00000016340	set
Ctel_20226	set
Mlei_ML01861a	set
Apar_comp18592_c0_seq1_fr6	set
Nspp_13586_fr5	set
Adig_6676v104625	set
Nvec_XP_001622422	set
Hmag_XP_002165490	set
Scil_36565	set
Spur_XP_790741	set
Spur_XP_001187524	set
Spur_XP_003725981	set
Gthe_43393	set
Ccin_CC1G_09236	set
Spun_SPPG_03589	set
Cele_R06A4_7	set
Ptri_XP_002178023	set
Tpse_XP_002290191	set
Gthe_45335	set
Bnat_32408	set
Rfil_3716155_1s1f1	set
Ddis_XP_647576	set
Ppal_EFA81031_1	set
Rall_1732	set
Cfra_0207T1	set
Sarc_SARC_06292	set
Aque_XP_003384664	set
Ngad_00540	set
Bnat_72270	set
Tpse_XP_002294263	set
Pinf_XP_002999311	set
Ngad_05847	set
Ccri_T00007124001	set
Otau_XP_003082786	set
Mpus_Micpu155764	set
Pyez_37940_g8901	set
Cvar_EFN59819	set
Bden_Batde5_90118	set
Crei_XP_001694743	set
Vcar_XP_002954751	set
Pyez_36087_g8602	set
Cele_T12F5_4	set
Rfil_529913_11s	set
Dmel_FBpp0084636	set
Bnat_85862	set
Gthe_61291	set
Mver_03069	set
Ehux_97974	set
Ehux_216151	set
Ehux_108024	set
Ehux_450763	set
Ehux_458569	set
Rfil_39362_2c	set
Rfil_20985_3cf1	set
Bdis_5g10110	set
Sbic_06g016720	set
Atha_AT1G76710	set
Mgut_mgv1a005421m	set
Acoe_045_00133	set
Sagg_16132	set
Ngad_06395	set
Mbre_XP_001747378	set
Sros_PTSG_09362	set
Ihof_7061	set
Apar_comp19989_c1_seq1_fr6	set
Nspp_13101_fr6	set
Nspp_13100_fr6	set
Aker_79755	set
Ocar_g3171_t1	set
Acas_g5506	set
Aano_F0Y5D0	set
Esil_CBN74814	set
Ngad_05385	set
Umar_249280	set
Pbla_Phybl2_136385	set
Mcir_Mucci2_40608	set
Rory_11014	set
Gpro_86511	set
Rirr_178744	set
Amac_02693	set
Amac_06329	set
Bden_Batde5_91931	set
Mver_03682	set
Mver_08333	set
Cpar_14930Contig8823	set
Cfra_7962T1	set
Sarc_SARC_00855	set
Mvib_comp16013_c3_seq1_fr4	set
Spun_SPPG_06324	set
Mbre_XP_001747356	set
Sros_PTSG_08872	set
Lgig_227153	set
Cgig_10007074	set
Spur_XP_783359	set
Spur_XP_003725626	set
Skow_XP_002733567	set
Scil_58119	set
Ctel_160470	set
Rall_5258	set
Nvec_XP_001635826	set
Tadh_XP_002110866	set
Adig_10964v107744	set
Nspp_14576_fr3	set
Hsap_ENSP00000386759	set
Cint_ENSCINP00000025949	set
Aque_XP_003387717	set
Mlei_ML09663a	set
Hmag_XP_002169363	set
Cmer_CML152C	set
